image_name,image_path,class,mean_intensity,std_intensity,skewness,kurtosis,hue_mean,contrast,homogeneity,energy,entropy
15-scale_1_im_2_col.png,./Clustering_PRJ/aluminium_foil\train\15-scale_1_im_2_col.png,aluminium_foil,83.24685,74.71826660915991,0.9964348083010375,-0.31257431485672926,34.8335,0.43382629226534686,0.8578748401016171,0.38182707264052046,10.299453393178242
15-scale_1_im_3_col.png,./Clustering_PRJ/aluminium_foil\train\15-scale_1_im_3_col.png,aluminium_foil,93.9694,76.75942687149247,0.8771894393456139,-0.5923440722274944,37.588475,0.43688508497260187,0.8676162002367618,0.3501108146478451,10.381981556591043
15-scale_1_im_4_col.png,./Clustering_PRJ/aluminium_foil\train\15-scale_1_im_4_col.png,aluminium_foil,44.784,59.13325624384302,2.2936306229576173,4.4500666839117065,35.941125,0.9991728744223631,0.8428511183138268,0.6136965559976592,7.682898121579247
15-scale_1_im_5_col.png,./Clustering_PRJ/aluminium_foil\train\15-scale_1_im_5_col.png,aluminium_foil,51.5266,56.354179458492695,2.259061935490134,4.53639223207191,46.729325,0.8714212077977831,0.8320943115695573,0.508944886049926,8.719154397422763
15-scale_1_im_6_col.png,./Clustering_PRJ/aluminium_foil\train\15-scale_1_im_6_col.png,aluminium_foil,56.653375,54.74162516869019,1.9633517236651683,3.447977558063651,39.98455,0.9368508055352137,0.8005944857246652,0.4181504972595152,9.861499636726986
15-scale_1_im_7_col.png,./Clustering_PRJ/aluminium_foil\train\15-scale_1_im_7_col.png,aluminium_foil,111.134625,75.6519695785204,0.5762727855194479,-1.0273455017026678,50.816625,0.4755768793717333,0.8443536526253194,0.30593026389152556,11.255883840279294
15-scale_1_im_8_col.png,./Clustering_PRJ/aluminium_foil\train\15-scale_1_im_8_col.png,aluminium_foil,104.57305,79.40697836901678,0.4564101286086577,-1.2007744412961707,41.122875,0.5455187369005832,0.8228257465186923,0.3064045482839049,11.5361287153746
15-scale_1_im_9_col.png,./Clustering_PRJ/aluminium_foil\train\15-scale_1_im_9_col.png,aluminium_foil,80.936925,70.79633392022765,1.1265251970203782,0.0231817004006607,43.596275,0.37851727229110393,0.8712813389064975,0.38622632582677474,10.053574176842512
15-scale_2_im_1_col.png,./Clustering_PRJ/aluminium_foil\train\15-scale_2_im_1_col.png,aluminium_foil,118.965075,87.87965296497462,0.3327146832844248,-1.47537380763259,55.403025,2.0188912211812844,0.7083587249342553,0.2889134949311322,12.74163991091623
15-scale_2_im_2_col.png,./Clustering_PRJ/aluminium_foil\train\15-scale_2_im_2_col.png,aluminium_foil,83.7524,77.59352321063916,1.0342644753769754,-0.2721621173473219,44.4071,1.5499140173227948,0.7464945413374158,0.34568841838049624,11.707775950940446
15-scale_2_im_4_col.png,./Clustering_PRJ/aluminium_foil\train\15-scale_2_im_4_col.png,aluminium_foil,78.26805,70.39387685869772,1.3393597907673043,0.5801368895469392,47.01275,1.7635148733617838,0.7421862992243006,0.3295582302152087,11.693463913634066
15-scale_2_im_5_col.png,./Clustering_PRJ/aluminium_foil\train\15-scale_2_im_5_col.png,aluminium_foil,70.195075,60.415943431716556,1.6935084466472907,2.1333107222602017,47.793625,1.3613313110780032,0.7516282954699958,0.3356235113465735,11.227604727399676
15-scale_2_im_6_col.png,./Clustering_PRJ/aluminium_foil\train\15-scale_2_im_6_col.png,aluminium_foil,74.0887,63.04659770606182,1.4589433731547083,1.2318525622927465,40.316475,1.340327643241332,0.7525179356236342,0.3328421900709819,11.52173611911509
15-scale_2_im_7_col.png,./Clustering_PRJ/aluminium_foil\train\15-scale_2_im_7_col.png,aluminium_foil,97.703675,77.4073427815112,0.8278666293620051,-0.6844502592427877,57.35805,1.6679891290623972,0.7138420764669154,0.27524886793564374,12.682053074941901
15-scale_2_im_8_col.png,./Clustering_PRJ/aluminium_foil\train\15-scale_2_im_8_col.png,aluminium_foil,106.3982,88.79655447572276,0.5076653849053626,-1.332589859642783,52.58815,2.092565433953688,0.7071257301569244,0.3147249822952662,12.420123654208265
15-scale_2_im_9_col.png,./Clustering_PRJ/aluminium_foil\train\15-scale_2_im_9_col.png,aluminium_foil,82.78595,72.23567112305042,1.1588380325021073,0.04774234599398142,49.55665,1.1361613658745993,0.7709787808675106,0.33347217690900666,11.521515415834562
15-scale_3_im_1_col.png,./Clustering_PRJ/aluminium_foil\train\15-scale_3_im_1_col.png,aluminium_foil,120.7862,88.03146760994048,0.33332395096850803,-1.4877860259864557,60.933025,3.266808603318097,0.6537047182216227,0.26741137880098986,13.36659760289218
15-scale_3_im_2_col.png,./Clustering_PRJ/aluminium_foil\train\15-scale_3_im_2_col.png,aluminium_foil,87.93465,80.79052066534477,0.8806846073193758,-0.6234267774992857,54.95245,2.6099565667533646,0.680555266990505,0.32384796180233777,12.627087165460065
15-scale_3_im_3_col.png,./Clustering_PRJ/aluminium_foil\train\15-scale_3_im_3_col.png,aluminium_foil,85.26545,71.15536055911389,1.2241027873683687,0.23936743378995784,48.73195,1.4517228731597687,0.746154341120026,0.31438624964049006,11.749334962212187
15-scale_3_im_4_col.png,./Clustering_PRJ/aluminium_foil\train\15-scale_3_im_4_col.png,aluminium_foil,71.2125,71.86905484107886,1.4443531227149786,0.8163366240085081,48.912775,2.0300222216610693,0.7296916774571365,0.37387243797720465,11.253680841944563
15-scale_3_im_5_col.png,./Clustering_PRJ/aluminium_foil\train\15-scale_3_im_5_col.png,aluminium_foil,78.2099,64.69267262982724,1.4599438024839735,1.163625010816049,51.796375,1.641189521729249,0.7257892312804297,0.30693164960694536,11.897924435139188
15-scale_3_im_7_col.png,./Clustering_PRJ/aluminium_foil\train\15-scale_3_im_7_col.png,aluminium_foil,98.4456,76.33578643493495,0.8701729185415487,-0.5892103741521209,56.10925,2.233543565819045,0.6823486491122588,0.26009353450601963,13.066683134972749
15-scale_3_im_8_col.png,./Clustering_PRJ/aluminium_foil\train\15-scale_3_im_8_col.png,aluminium_foil,99.024025,86.69258531039073,0.6536870439807129,-1.1195537684662793,55.59635,3.329224167319007,0.6500939190371952,0.29249444408167824,13.0762889668005
15-scale_3_im_9_col.png,./Clustering_PRJ/aluminium_foil\train\15-scale_3_im_9_col.png,aluminium_foil,76.034725,65.79767183703673,1.2993815110110647,0.6609153550850881,44.91275,1.5733346064493325,0.7318651947450152,0.3242471183627802,11.94079665084383
15-scale_4_im_1_col.png,./Clustering_PRJ/aluminium_foil\train\15-scale_4_im_1_col.png,aluminium_foil,121.918625,88.80816743469812,0.30491316565256665,-1.5157220609138813,63.342825,3.9109118772253226,0.6227142002446491,0.25649629296674825,13.646386923387826
15-scale_4_im_2_col.png,./Clustering_PRJ/aluminium_foil\train\15-scale_4_im_2_col.png,aluminium_foil,90.008675,81.64463240008112,0.8415070726159551,-0.6898342500009798,52.415775,2.8342616032423438,0.671898684997146,0.30859841047850034,12.82615042058999
15-scale_4_im_3_col.png,./Clustering_PRJ/aluminium_foil\train\15-scale_4_im_3_col.png,aluminium_foil,82.963025,71.31691214466156,1.2641387479605535,0.34357147969033264,50.206775,1.8296430645690762,0.7172926394913637,0.30257010027542136,12.046014961074336
15-scale_4_im_4_col.png,./Clustering_PRJ/aluminium_foil\train\15-scale_4_im_4_col.png,aluminium_foil,86.396375,76.15128174797438,1.070138886764621,-0.20462341856298494,53.63505,2.6409803729703785,0.6724567554215131,0.286705206416145,12.742375802700334
15-scale_4_im_5_col.png,./Clustering_PRJ/aluminium_foil\train\15-scale_4_im_5_col.png,aluminium_foil,72.82275,66.62567509930012,1.5186350705071552,1.2716919715706005,47.794425,1.8648890810838115,0.7212821230509501,0.3229444441105447,11.689693503983285
15-scale_4_im_6_col.png,./Clustering_PRJ/aluminium_foil\train\15-scale_4_im_6_col.png,aluminium_foil,78.342875,66.66106818626879,1.4122484019974735,0.9201260186261573,44.95555,1.9031573066336709,0.7034493555429239,0.3072908261973832,12.054760422967666
15-scale_4_im_7_col.png,./Clustering_PRJ/aluminium_foil\train\15-scale_4_im_7_col.png,aluminium_foil,90.00095,76.59025720741184,0.9948418786071943,-0.3487735194993946,53.73575,2.5379748617459157,0.6706218650194612,0.2744845835475536,12.94307260866589
15-scale_4_im_8_col.png,./Clustering_PRJ/aluminium_foil\train\15-scale_4_im_8_col.png,aluminium_foil,104.399,88.19973071954358,0.5317696335713805,-1.268279986909328,54.465575,3.9232622597914193,0.6228979367161169,0.27597256505762274,13.48858646451616
15-scale_4_im_9_col.png,./Clustering_PRJ/aluminium_foil\train\15-scale_4_im_9_col.png,aluminium_foil,73.429375,66.98843080793411,1.3676738445610632,0.8269036835605785,44.304575,1.8046856139996463,0.7191655795074889,0.3371927489451192,11.843739730466657
15-scale_5_im_1_col.png,./Clustering_PRJ/aluminium_foil\train\15-scale_5_im_1_col.png,aluminium_foil,119.30365,86.7420287212462,0.3598611231763061,-1.4198518800266389,61.0953,4.279296640236357,0.5929420643614038,0.23399893502496558,14.093854053329165
15-scale_5_im_2_col.png,./Clustering_PRJ/aluminium_foil\train\15-scale_5_im_2_col.png,aluminium_foil,88.08535,80.05012782861436,0.8761735367106713,-0.5912447635229392,52.35585,3.138140166914976,0.6499196138041876,0.29809176967349615,13.087562448550086
15-scale_5_im_3_col.png,./Clustering_PRJ/aluminium_foil\train\15-scale_5_im_3_col.png,aluminium_foil,85.83235,71.04383149491235,1.22151788864871,0.2343435620866079,51.01675,2.064598242468625,0.6999099951010351,0.29508400181378236,12.328052860408874
15-scale_5_im_4_col.png,./Clustering_PRJ/aluminium_foil\train\15-scale_5_im_4_col.png,aluminium_foil,86.2547,75.77086694706614,1.0721626970912856,-0.17861117435326124,54.6802,2.8307436680891898,0.6645239409709011,0.28308905124716693,12.85517641590772
15-scale_5_im_5_col.png,./Clustering_PRJ/aluminium_foil\train\15-scale_5_im_5_col.png,aluminium_foil,81.8692,64.64481565725129,1.411614707757868,1.0616557048557267,56.356,1.9446043344865025,0.6983639217850712,0.29078552467361607,12.287864775168739
15-scale_5_im_6_col.png,./Clustering_PRJ/aluminium_foil\train\15-scale_5_im_6_col.png,aluminium_foil,80.4312,65.70547212036453,1.4176239892991522,0.955040183389233,45.8824,1.9897951124971587,0.7004466540906942,0.31227324948510204,12.088558494655057
15-scale_5_im_7_col.png,./Clustering_PRJ/aluminium_foil\train\15-scale_5_im_7_col.png,aluminium_foil,99.15245,76.16145028160572,0.83761482338248,-0.6202548975640401,57.23915,2.8686834612762304,0.6369276832886734,0.23934466514707542,13.656867866799233
15-scale_5_im_8_col.png,./Clustering_PRJ/aluminium_foil\train\15-scale_5_im_8_col.png,aluminium_foil,130.59635,87.33719348981566,0.16130683423769057,-1.5452539221112973,60.059175,4.391690582308526,0.5898749359730162,0.24413110377264913,14.104372288562374
15-scale_5_im_9_col.png,./Clustering_PRJ/aluminium_foil\train\15-scale_5_im_9_col.png,aluminium_foil,80.023075,69.51534285713029,1.2193928123091,0.35517914929927086,47.1092,2.101873342844878,0.6920477560071612,0.2986755475308694,12.481357239869595
15-scale_6_im_1_col.png,./Clustering_PRJ/aluminium_foil\train\15-scale_6_im_1_col.png,aluminium_foil,115.821075,86.78790619000077,0.38243182459010294,-1.3876143171191402,61.538775,4.762867099315673,0.5628346131924845,0.22133139986659744,14.388877675105377
15-scale_6_im_2_col.png,./Clustering_PRJ/aluminium_foil\train\15-scale_6_im_2_col.png,aluminium_foil,71.316425,76.07465971149247,1.2154059570418725,0.19512912534028137,47.60195,3.1723267089214913,0.6698056123396368,0.38036603497362154,11.941440638546828
15-scale_6_im_3_col.png,./Clustering_PRJ/aluminium_foil\train\15-scale_6_im_3_col.png,aluminium_foil,80.7191,70.23152849817524,1.370315444263624,0.6317840689791172,53.61565,2.2070843539304557,0.7036530891578742,0.305757173012274,12.025335153394947
15-scale_6_im_4_col.png,./Clustering_PRJ/aluminium_foil\train\15-scale_6_im_4_col.png,aluminium_foil,86.420775,79.0680632328842,0.9963999558505827,-0.39791180802202275,54.682175,2.966698126309942,0.6613075618148498,0.29807616877919096,12.774808374093366
15-scale_6_im_5_col.png,./Clustering_PRJ/aluminium_foil\train\15-scale_6_im_5_col.png,aluminium_foil,76.69135,66.32361823044262,1.4853556990557701,1.1805467527150038,54.293275,2.101412716850585,0.7019828924641065,0.30660191492722993,12.016690137240877
15-scale_6_im_6_col.png,./Clustering_PRJ/aluminium_foil\train\15-scale_6_im_6_col.png,aluminium_foil,83.53075,66.75506725663229,1.3688695464139278,0.7742221179755941,44.322475,2.052529481578748,0.7035444891739089,0.31423469846502006,12.097505259204343
15-scale_6_im_7_col.png,./Clustering_PRJ/aluminium_foil\train\15-scale_6_im_7_col.png,aluminium_foil,81.18255,75.79854434946294,1.1026118015793933,-0.07061863146349667,54.119725,3.1756588848766447,0.6402387937789702,0.2991332934972808,12.885901832965772
15-scale_6_im_8_col.png,./Clustering_PRJ/aluminium_foil\train\15-scale_6_im_8_col.png,aluminium_foil,131.726,84.45932082369596,0.15484216308264812,-1.473663234905628,64.540625,4.7783086601348455,0.5463506278221599,0.21489000316817186,14.70555383851195
15-scale_6_im_9_col.png,./Clustering_PRJ/aluminium_foil\train\15-scale_6_im_9_col.png,aluminium_foil,80.044225,68.99445788720551,1.2492875529695049,0.48237878093237807,51.547325,2.3631493522890836,0.6708911669488631,0.2847576766307313,12.69537299823596
15-scale_7_im_1_col.png,./Clustering_PRJ/aluminium_foil\train\15-scale_7_im_1_col.png,aluminium_foil,128.175375,84.32342419879173,0.21260005765624673,-1.4527204859651281,65.4751,4.931176548572005,0.5395760503509051,0.20681226588040158,14.776968045492918
15-scale_7_im_2_col.png,./Clustering_PRJ/aluminium_foil\train\15-scale_7_im_2_col.png,aluminium_foil,76.675375,77.42968741774291,1.1151682985566431,-0.06554349910257828,52.61785,3.368579707583141,0.6498838613784458,0.34370248820769683,12.452972791004768
15-scale_7_im_3_col.png,./Clustering_PRJ/aluminium_foil\train\15-scale_7_im_3_col.png,aluminium_foil,90.0829,75.44908400762728,1.1017171162617083,-0.2001274285418977,60.7487,2.7554253049165425,0.6699323421807901,0.284766064336818,12.651982007019296
15-scale_7_im_4_col.png,./Clustering_PRJ/aluminium_foil\train\15-scale_7_im_4_col.png,aluminium_foil,82.86565,78.61437368622546,1.0255916723238643,-0.2973639979863423,58.531875,3.545003787783137,0.6329045889464416,0.30345239529289236,12.93300378968922
15-scale_7_im_5_col.png,./Clustering_PRJ/aluminium_foil\train\15-scale_7_im_5_col.png,aluminium_foil,64.821625,66.64433252242365,1.6487337058797065,1.7092128165466045,53.106025,2.5145386795787976,0.7035382806787265,0.36713110660821807,11.370410956467442
15-scale_7_im_6_col.png,./Clustering_PRJ/aluminium_foil\train\15-scale_7_im_6_col.png,aluminium_foil,87.923275,72.56525158968564,1.167238292747147,0.06892486960843902,57.23865,2.808445241281786,0.6627725886826019,0.28586468195621745,12.750242925206152
15-scale_7_im_7_col.png,./Clustering_PRJ/aluminium_foil\train\15-scale_7_im_7_col.png,aluminium_foil,99.651975,77.45732730735921,0.7748556153914578,-0.7078855658772598,60.635975,3.6020750422969128,0.5897052090796999,0.219633649978988,14.154908928825016
15-scale_7_im_8_col.png,./Clustering_PRJ/aluminium_foil\train\15-scale_7_im_8_col.png,aluminium_foil,141.28425,81.49466946946592,0.0348805264832981,-1.460173508648415,65.9861,4.752406283932224,0.5329721952122879,0.21714948020343802,14.76761202558259
15-scale_7_im_9_col.png,./Clustering_PRJ/aluminium_foil\train\15-scale_7_im_9_col.png,aluminium_foil,87.897925,71.50045528312653,1.1184935914031948,0.037179361871477745,54.570825,2.3941166258427815,0.6609251854274331,0.2682282859173369,12.984870559323808
15-scale_8_im_1_col.png,./Clustering_PRJ/aluminium_foil\train\15-scale_8_im_1_col.png,aluminium_foil,133.94265,81.90882712490455,0.1291487209119509,-1.4038870790155962,65.04895,5.235112970632055,0.5136090461983609,0.19464724608093803,15.099728360817767
15-scale_8_im_2_col.png,./Clustering_PRJ/aluminium_foil\train\15-scale_8_im_2_col.png,aluminium_foil,102.167325,79.80525313125932,0.6237166961925319,-0.9152680745209447,58.143625,4.222958763667583,0.566755191445146,0.214814366846883,14.504832754745145
15-scale_8_im_3_col.png,./Clustering_PRJ/aluminium_foil\train\15-scale_8_im_3_col.png,aluminium_foil,106.517825,74.91855299102737,0.7814774715608078,-0.7956610866512714,54.832325,3.191022354233481,0.6257430313607756,0.2657702372250591,13.516897146184151
15-scale_8_im_4_col.png,./Clustering_PRJ/aluminium_foil\train\15-scale_8_im_4_col.png,aluminium_foil,97.729925,80.02422342325087,0.7331901112826912,-0.8240115421545595,60.048,4.126681302239843,0.581178065296894,0.2311545249178982,14.163359839367832
15-scale_8_im_5_col.png,./Clustering_PRJ/aluminium_foil\train\15-scale_8_im_5_col.png,aluminium_foil,79.029375,71.49820006202516,1.2288411449689511,0.33336567372864767,56.575325,3.212085206181663,0.6396707737512031,0.2859428302974424,12.925303387134253
15-scale_8_im_6_col.png,./Clustering_PRJ/aluminium_foil\train\15-scale_8_im_6_col.png,aluminium_foil,96.976075,75.6909208729447,0.9062480641102155,-0.529025783399685,54.695025,3.5077919118204095,0.6115656408712433,0.24156427448867696,13.711427931995251
15-scale_8_im_7_col.png,./Clustering_PRJ/aluminium_foil\train\15-scale_8_im_7_col.png,aluminium_foil,110.39315,77.62619972069675,0.5740907443635412,-0.986316953685185,59.932775,4.122739892931998,0.5506803833879796,0.19461884616632977,14.802553525221679
15-scale_8_im_8_col.png,./Clustering_PRJ/aluminium_foil\train\15-scale_8_im_8_col.png,aluminium_foil,140.91815,80.17834745476799,0.03746179082721018,-1.4095867475185542,65.55395,5.396009633595111,0.49796328818033136,0.19619877856454793,15.171217622651515
15-scale_8_im_9_col.png,./Clustering_PRJ/aluminium_foil\train\15-scale_8_im_9_col.png,aluminium_foil,97.17085,75.40344395501774,0.8803296590569455,-0.5830212447125467,55.167575,3.403052195651624,0.6052717669447367,0.24353233379218836,13.800556032649952
15-scale_9_im_1_col.png,./Clustering_PRJ/aluminium_foil\train\15-scale_9_im_1_col.png,aluminium_foil,142.7439,79.82540455763441,-0.0013847121187996064,-1.3932446485132013,69.35985,5.389651965859449,0.49919859115327847,0.19654101320749384,15.159118517074232
15-scale_9_im_2_col.png,./Clustering_PRJ/aluminium_foil\train\15-scale_9_im_2_col.png,aluminium_foil,111.7112,80.33545228950913,0.4796473712017463,-1.0918224564887475,63.34745,4.736973182495394,0.5338915003390939,0.18975615527636608,14.964640372376802
15-scale_9_im_3_col.png,./Clustering_PRJ/aluminium_foil\train\15-scale_9_im_3_col.png,aluminium_foil,107.942675,72.80171865309481,0.7942707047867545,-0.6984933238302728,61.5717,3.5111463094366298,0.599913272545593,0.25023879327850307,13.788423315174976
15-scale_9_im_4_col.png,./Clustering_PRJ/aluminium_foil\train\15-scale_9_im_4_col.png,aluminium_foil,106.1298,80.57927557356172,0.5932341039478065,-1.0189711023787955,64.841425,4.6107079997979845,0.5498869925055008,0.20387988530159226,14.6636879256651
15-scale_9_im_5_col.png,./Clustering_PRJ/aluminium_foil\train\15-scale_9_im_5_col.png,aluminium_foil,93.037825,73.11372507449867,0.999604916584856,-0.24586919194054957,64.990425,3.618857004873614,0.6006554619222148,0.2421803150959584,13.774469236376262
15-scale_9_im_6_col.png,./Clustering_PRJ/aluminium_foil\train\15-scale_9_im_6_col.png,aluminium_foil,101.241,76.77121868903737,0.80445702377289,-0.705982156586634,62.73545,3.901439452286558,0.5896298997546539,0.22838695808470633,14.081105767255908
15-scale_9_im_7_col.png,./Clustering_PRJ/aluminium_foil\train\15-scale_9_im_7_col.png,aluminium_foil,127.278675,75.82490959601849,0.3454317925907958,-1.203588415332152,65.0203,4.327171220423726,0.5270074419824912,0.1872846885916261,15.05556621531753
15-scale_9_im_8_col.png,./Clustering_PRJ/aluminium_foil\train\15-scale_9_im_8_col.png,aluminium_foil,152.52915,76.56348509751564,-0.11714905113758256,-1.3579616069582852,69.304675,5.352315187747786,0.49369670188615283,0.20897663939993952,14.984183205493323
15-scale_9_im_9_col.png,./Clustering_PRJ/aluminium_foil\train\15-scale_9_im_9_col.png,aluminium_foil,101.1379,72.16217245614214,0.8205846971718825,-0.5688159831934416,58.658225,3.6057053799146477,0.5705354048100545,0.21983228552774803,14.332558167932994
48-scale_1_im_1_col.png,./Clustering_PRJ/brown_bread\train\48-scale_1_im_1_col.png,brown_bread,131.8607,22.95637701184575,-0.8594039966364837,0.726607641756646,16.4689,0.13568334764273632,0.9322945348602311,0.5700784142703869,6.228345163130252
48-scale_1_im_2_col.png,./Clustering_PRJ/brown_bread\train\48-scale_1_im_2_col.png,brown_bread,131.253425,22.801072360074976,-0.7918817594904495,0.7621622943240647,16.39435,0.1560451124971592,0.9223255410216915,0.5543314334989504,6.428649497460055
48-scale_1_im_3_col.png,./Clustering_PRJ/brown_bread\train\48-scale_1_im_3_col.png,brown_bread,121.366825,40.488136094655864,-0.15706191896355218,-0.9203272435965935,16.118825,0.23158739678290957,0.8862928019494458,0.36028251974740677,9.23107312552673
48-scale_1_im_4_col.png,./Clustering_PRJ/brown_bread\train\48-scale_1_im_4_col.png,brown_bread,121.031975,26.35486582396835,-0.46264354456163703,-0.2614324058150719,16.09535,0.3027265094315801,0.8617064152420395,0.4425886076049926,8.01736855221671
48-scale_1_im_5_col.png,./Clustering_PRJ/brown_bread\train\48-scale_1_im_5_col.png,brown_bread,106.702025,35.003041095015945,0.03558456402229168,-0.6608273220019458,16.1607,0.512528818716699,0.7990140824549543,0.33262990739161563,10.073825163376803
48-scale_1_im_6_col.png,./Clustering_PRJ/brown_bread\train\48-scale_1_im_6_col.png,brown_bread,110.621975,45.49543243117242,0.22749191474318092,-0.9519630282688318,15.573975,0.5898204906441756,0.7895100479517349,0.29282028982605574,11.110294057346316
48-scale_1_im_7_col.png,./Clustering_PRJ/brown_bread\train\48-scale_1_im_7_col.png,brown_bread,136.671475,27.67094317735438,-0.892699956855077,0.30386690201535504,16.3698,0.1506181030782051,0.9248272328981593,0.4965441166729429,7.104051208672571
48-scale_1_im_8_col.png,./Clustering_PRJ/brown_bread\train\48-scale_1_im_8_col.png,brown_bread,120.7445,21.81951580008136,-1.1264591152344086,1.2743609303686574,16.201575,0.1302450380040908,0.9349077832630489,0.5505939057228638,6.005546323036221
48-scale_1_im_9_col.png,./Clustering_PRJ/brown_bread\train\48-scale_1_im_9_col.png,brown_bread,114.795525,46.246528680262855,0.029848820090461654,-1.071493136972365,15.619225,0.22981840736345038,0.8876448606095805,0.3403570750327477,9.679742462626397
48-scale_2_im_1_col.png,./Clustering_PRJ/brown_bread\train\48-scale_2_im_1_col.png,brown_bread,140.398825,26.1355297175966,-0.6709653718123163,0.2701425419219836,16.565875,0.29692564581702485,0.8609359170222974,0.4402989468597361,7.998033705840838
48-scale_2_im_2_col.png,./Clustering_PRJ/brown_bread\train\48-scale_2_im_2_col.png,brown_bread,127.563375,24.07718284204726,-0.6396415150798791,0.2871118074421557,16.2689,0.2949144276659681,0.8627800276508168,0.476447632772391,7.599127969722673
48-scale_2_im_3_col.png,./Clustering_PRJ/brown_bread\train\48-scale_2_im_3_col.png,brown_bread,118.015775,42.90806831062633,0.0501841921065427,-0.9210424469821721,16.0509,0.47778724022120667,0.8105904377786063,0.3048902892080638,10.654565867860613
48-scale_2_im_4_col.png,./Clustering_PRJ/brown_bread\train\48-scale_2_im_4_col.png,brown_bread,127.91335,26.672536283178996,-0.5292686864995582,0.1479322744458602,16.33105,0.3585316658670237,0.8400597864433015,0.4294916942156178,8.366170034925547
48-scale_2_im_5_col.png,./Clustering_PRJ/brown_bread\train\48-scale_2_im_5_col.png,brown_bread,89.3603,31.681020089479443,0.09504793878363174,-0.7130561949575935,15.3855,0.41457087573546125,0.8276327957775871,0.36659604770516285,9.273138406703712
48-scale_2_im_6_col.png,./Clustering_PRJ/brown_bread\train\48-scale_2_im_6_col.png,brown_bread,113.64025,45.49836568424739,0.21620767003899746,-0.8725115354145396,15.6715,0.6115938360142423,0.7843699741173867,0.29018632783402526,11.218488961546335
48-scale_2_im_7_col.png,./Clustering_PRJ/brown_bread\train\48-scale_2_im_7_col.png,brown_bread,125.11165,26.978695933597308,-0.747722446207006,0.14689997861492632,16.239725,0.2824321986818515,0.868194476298133,0.46522178153196414,7.8489789640768315
48-scale_2_im_8_col.png,./Clustering_PRJ/brown_bread\train\48-scale_2_im_8_col.png,brown_bread,113.132275,19.69961239020644,-0.9050147393301902,1.0638011787878163,16.17975,0.2483965998333375,0.8792396056917751,0.5357333077945955,6.664400308633576
48-scale_2_im_9_col.png,./Clustering_PRJ/brown_bread\train\48-scale_2_im_9_col.png,brown_bread,112.455,45.18948633255306,0.08627332684258876,-0.9685852887917612,15.5979,0.48226970278528314,0.8115195422472645,0.30048510977681003,10.814046991180103
48-scale_3_im_1_col.png,./Clustering_PRJ/brown_bread\train\48-scale_3_im_1_col.png,brown_bread,105.740625,21.77618652586754,-0.6008865865771653,0.11311438527724249,15.881225,0.30127032776950075,0.8589876234186004,0.4956788742962123,7.311126966222968
48-scale_3_im_3_col.png,./Clustering_PRJ/brown_bread\train\48-scale_3_im_3_col.png,brown_bread,95.146775,42.55200150520978,0.2506517656519155,-0.9052366046948568,15.08295,0.6151735120325246,0.7825521181677504,0.30586013730078215,10.889447947069907
48-scale_3_im_4_col.png,./Clustering_PRJ/brown_bread\train\48-scale_3_im_4_col.png,brown_bread,106.04,23.125637288515964,-0.5026328224850763,0.07491681954954998,15.9213,0.3565544746344789,0.8379029022217206,0.45296902022404006,7.863955938416838
48-scale_3_im_5_col.png,./Clustering_PRJ/brown_bread\train\48-scale_3_im_5_col.png,brown_bread,89.174175,32.25383757120034,0.13162351952503387,-0.6540075640349401,15.48275,0.5421205272594125,0.7918200067734475,0.3426235249330426,9.821471041546562
48-scale_3_im_6_col.png,./Clustering_PRJ/brown_bread\train\48-scale_3_im_6_col.png,brown_bread,97.364475,41.661820447195716,0.26809309807311676,-0.8535633991231268,15.26315,0.6632924989267946,0.7708039386745911,0.3020279155748853,10.960100941750806
48-scale_3_im_7_col.png,./Clustering_PRJ/brown_bread\train\48-scale_3_im_7_col.png,brown_bread,114.952025,27.215456516460918,-0.5966417489260667,-0.09162911069062618,15.9762,0.37372231761824193,0.8348906804938081,0.4122120133957151,8.42404920148147
48-scale_3_im_8_col.png,./Clustering_PRJ/brown_bread\train\48-scale_3_im_8_col.png,brown_bread,101.838775,19.21793905441931,-0.7836721159923823,0.6854181945701137,15.805975,0.266572624428676,0.8735195386480138,0.567972867642515,6.420093801579207
48-scale_3_im_9_col.png,./Clustering_PRJ/brown_bread\train\48-scale_3_im_9_col.png,brown_bread,96.3137,43.22653979108205,0.2100120311677117,-0.9179929465267129,15.190925,0.6144308540188379,0.7805087955837993,0.29767916526841,11.018443341468634
48-scale_4_im_1_col.png,./Clustering_PRJ/brown_bread\train\48-scale_4_im_1_col.png,brown_bread,101.5921,22.450024890632083,-0.6614425830773298,0.18539345084907266,15.7516,0.3334255448094745,0.8464310044161095,0.4890073860043267,7.493574613294161
48-scale_4_im_2_col.png,./Clustering_PRJ/brown_bread\train\48-scale_4_im_2_col.png,brown_bread,89.850325,22.392553949792664,-0.5332652241204465,-0.0075115566406736,15.4587,0.36348188808363424,0.8355645258141136,0.4520435509913048,7.650859294689293
48-scale_4_im_3_col.png,./Clustering_PRJ/brown_bread\train\48-scale_4_im_3_col.png,brown_bread,83.7273,41.6006596667649,0.3439757371102215,-0.8890523219617448,14.790125,0.6756031097699555,0.7695330351392013,0.3059600816616567,10.934399382711096
48-scale_4_im_4_col.png,./Clustering_PRJ/brown_bread\train\48-scale_4_im_4_col.png,brown_bread,103.981975,23.473469068277378,-0.5662642470399651,0.0321415984744462,15.9666,0.3800849410368426,0.8291161165344904,0.45020234815259647,7.984489617479085
48-scale_4_im_5_col.png,./Clustering_PRJ/brown_bread\train\48-scale_4_im_5_col.png,brown_bread,92.7919,31.427879253777213,-0.030268982469642183,-0.6714992819833596,15.6331,0.5675257253604709,0.7788576021350302,0.3382326338675701,9.835376434542006
48-scale_4_im_6_col.png,./Clustering_PRJ/brown_bread\train\48-scale_4_im_6_col.png,brown_bread,86.0236,39.56609840557949,0.27228250930939335,-0.9189080362458419,14.8235,0.6546780384333729,0.769596439815211,0.3102983380025998,10.745685734705692
48-scale_4_im_7_col.png,./Clustering_PRJ/brown_bread\train\48-scale_4_im_7_col.png,brown_bread,107.215125,24.007778869241008,-0.6946423295583881,0.23762085649698017,15.93315,0.37975363627181125,0.829169044490855,0.44400916877357033,8.043330333173802
48-scale_4_im_8_col.png,./Clustering_PRJ/brown_bread\train\48-scale_4_im_8_col.png,brown_bread,92.000625,18.26334374120399,-0.817926426771879,0.82304690193713,15.362875,0.29946371303754954,0.8570888803313047,0.5019644208643111,6.648658671755731
48-scale_4_im_9_col.png,./Clustering_PRJ/brown_bread\train\48-scale_4_im_9_col.png,brown_bread,89.928075,42.59697409199831,0.29333467690342524,-0.8773433919642324,15.021525,0.7385060352011312,0.7539425432432862,0.29080854243365545,11.257144166670512
48-scale_5_im_1_col.png,./Clustering_PRJ/brown_bread\train\48-scale_5_im_1_col.png,brown_bread,101.620025,20.830980389779423,-0.7202061490953898,0.4176338659248482,15.653075,0.33694524759475764,0.8447995031691118,0.5165319416011722,7.153271845054048
48-scale_5_im_2_col.png,./Clustering_PRJ/brown_bread\train\48-scale_5_im_2_col.png,brown_bread,91.9262,22.743040772069158,-0.4981528218672424,-0.010983551246840584,15.52885,0.4082779475265776,0.819004702050008,0.44153036505180476,7.921713100745733
48-scale_5_im_3_col.png,./Clustering_PRJ/brown_bread\train\48-scale_5_im_3_col.png,brown_bread,80.191425,37.169694395695196,0.24740202272937126,-0.9236028948365447,14.708175,0.6348116209186636,0.7684583098191793,0.3141507424693143,10.507441764590794
48-scale_5_im_4_col.png,./Clustering_PRJ/brown_bread\train\48-scale_5_im_4_col.png,brown_bread,103.636475,22.32898507712285,-0.6163249964988774,0.11491887410089419,15.983975,0.3835361796419282,0.8267417836670792,0.4731715162855219,7.738927714251814
48-scale_5_im_5_col.png,./Clustering_PRJ/brown_bread\train\48-scale_5_im_5_col.png,brown_bread,89.9931,30.725096458595537,-0.030019431903956888,-0.6615482947374272,15.736275,0.6080723971616879,0.7656857395163817,0.3354338357517974,9.8775437154258
48-scale_5_im_6_col.png,./Clustering_PRJ/brown_bread\train\48-scale_5_im_6_col.png,brown_bread,78.842925,38.9598672026019,0.3740232638772231,-0.8572007344874795,14.798275,0.6914573495618799,0.7578461820974173,0.30756758494937997,10.783094761420253
48-scale_5_im_7_col.png,./Clustering_PRJ/brown_bread\train\48-scale_5_im_7_col.png,brown_bread,111.76585,24.014803221710977,-0.7005268352851279,0.40213741139776893,16.0215,0.4241968321507031,0.8158752046145595,0.42769583380828347,8.221723417268535
48-scale_5_im_8_col.png,./Clustering_PRJ/brown_bread\train\48-scale_5_im_8_col.png,brown_bread,95.30675,18.82774029026054,-0.8394636182379553,0.9270100621754214,15.392175,0.32778651422943866,0.8475797107396279,0.516535334350938,6.732157520455976
48-scale_5_im_9_col.png,./Clustering_PRJ/brown_bread\train\48-scale_5_im_9_col.png,brown_bread,78.14525,39.409354250450484,0.36004115912834256,-0.8492875765454055,14.7629,0.7164982891846166,0.7546593313123064,0.30272022497210865,10.87669804772434
48-scale_6_im_1_col.png,./Clustering_PRJ/brown_bread\train\48-scale_6_im_1_col.png,brown_bread,99.82458440530378,19.61919222452585,-0.7265742912833728,0.5327747143480441,15.582599445873738,0.3381535708803619,0.8437583351031895,0.5282631814606011,6.869044286043938
48-scale_6_im_3_col.png,./Clustering_PRJ/brown_bread\train\48-scale_6_im_3_col.png,brown_bread,73.80064484126984,36.73614007594453,0.34310908266052287,-0.8539521208603498,14.526215277777778,0.7117449798549942,0.7482728523474129,0.3038891879928071,10.659307413567026
48-scale_6_im_4_col.png,./Clustering_PRJ/brown_bread\train\48-scale_6_im_4_col.png,brown_bread,107.9440307768677,21.31390907400465,-0.6569104410993453,0.3475621917202085,16.138818565400843,0.42203821710909034,0.811942081608153,0.46885056153945304,7.753047303150583
48-scale_6_im_5_col.png,./Clustering_PRJ/brown_bread\train\48-scale_6_im_5_col.png,brown_bread,72.5578307272276,31.17730611900366,0.25163399279023807,-0.6562618145078405,15.280590717299578,0.6710165063195556,0.749105898323218,0.3293356679985661,10.050431826944267
48-scale_6_im_6_col.png,./Clustering_PRJ/brown_bread\train\48-scale_6_im_6_col.png,brown_bread,84.14049586776859,38.49613678984472,0.2660788959235751,-0.8889868404536094,14.930642846538328,0.7930437364419585,0.7305543439682683,0.29136884388211653,11.052460742111212
48-scale_6_im_7_col.png,./Clustering_PRJ/brown_bread\train\48-scale_6_im_7_col.png,brown_bread,109.37539888312725,21.01646246032565,-0.773355751587861,0.8087641594518495,16.030240327084165,0.40121447374010366,0.821200973567703,0.4820035836744069,7.615121389178359
48-scale_6_im_8_col.png,./Clustering_PRJ/brown_bread\train\48-scale_6_im_8_col.png,brown_bread,96.27444134078212,19.11171193555649,-0.8452715419073955,0.9323631411339885,15.551750798084598,0.3533631013724968,0.8373241731338967,0.5140662600791477,6.835389523275465
48-scale_6_im_9_col.png,./Clustering_PRJ/brown_bread\train\48-scale_6_im_9_col.png,brown_bread,73.38896648044692,37.08453197683121,0.3600312027272021,-0.8200603279717389,14.696777733439745,0.7377300160573963,0.740982065636175,0.2998399685231003,10.76506704492336
48-scale_7_im_1_col.png,./Clustering_PRJ/brown_bread\train\48-scale_7_im_1_col.png,brown_bread,101.74368188162623,22.204595527777634,-0.7149043783668699,0.3417592385400825,15.892792444985597,0.4178923434615681,0.8143953721186302,0.47488513988591524,7.7746102771128145
48-scale_7_im_2_col.png,./Clustering_PRJ/brown_bread\train\48-scale_7_im_2_col.png,brown_bread,91.36352494893492,22.612871708725233,-0.5624669676417591,0.05408748503359995,15.770674058943683,0.4686148800179606,0.7969143468387148,0.4304714387702431,8.066186272544671
48-scale_7_im_3_col.png,./Clustering_PRJ/brown_bread\train\48-scale_7_im_3_col.png,brown_bread,83.43124006359301,38.58537360691057,0.24322621213823656,-0.9114878742731092,14.752682829888712,0.8400727528611034,0.7202781574971591,0.28596161704039247,11.150918145034247
48-scale_7_im_4_col.png,./Clustering_PRJ/brown_bread\train\48-scale_7_im_4_col.png,brown_bread,97.81492653843424,21.846992299518895,-0.6226070196016432,0.1296768083994677,15.916566115409184,0.4408938127221612,0.8067576825086905,0.4641154399823305,7.7741130194366885
48-scale_7_im_5_col.png,./Clustering_PRJ/brown_bread\train\48-scale_7_im_5_col.png,brown_bread,72.01488935969869,27.37990300513538,0.0784017198150145,-0.6320246605700066,15.205596751412429,0.6271718534717544,0.7524972929945078,0.35096212261238946,9.449509371132997
48-scale_7_im_7_col.png,./Clustering_PRJ/brown_bread\train\48-scale_7_im_7_col.png,brown_bread,113.8999768598866,20.317006445245422,-0.829740107790139,0.908609991199838,16.369605461066758,0.408589870584518,0.8163499506232805,0.47027815008136153,7.535646954626411
48-scale_7_im_8_col.png,./Clustering_PRJ/brown_bread\train\48-scale_7_im_8_col.png,brown_bread,114.48990012765638,17.727730412799154,-1.0799517156620444,1.8713814757488763,16.32732597431854,0.3771200164933029,0.8271532171217757,0.5263640937073049,6.870413559084632
48-scale_7_im_9_col.png,./Clustering_PRJ/brown_bread\train\48-scale_7_im_9_col.png,brown_bread,87.80151949184207,38.00796257055556,0.16494893337671007,-0.8457593440819187,15.145970855648274,0.8937908803288359,0.7047836015520588,0.2763606922144781,11.300596030228604
48-scale_8_im_1_col.png,./Clustering_PRJ/brown_bread\train\48-scale_8_im_1_col.png,brown_bread,122.74161184210526,20.821641828986415,-0.9735959982173422,1.2443746955112847,16.506842105263157,0.4617513549334552,0.8002946877884995,0.454486086812888,7.555348724498469
48-scale_8_im_2_col.png,./Clustering_PRJ/brown_bread\train\48-scale_8_im_2_col.png,brown_bread,106.94190414507771,23.551257196702174,-0.7120522756711966,0.43590570504427273,16.19332901554404,0.5870221732439972,0.7611415722987649,0.4110308963823662,8.63977602415764
48-scale_8_im_3_col.png,./Clustering_PRJ/brown_bread\train\48-scale_8_im_3_col.png,brown_bread,100.31836915426275,39.47368634080216,0.04936274193675986,-0.8930747179312934,15.633945297864368,1.0385418669000928,0.681101771311965,0.26059226826229887,11.673564572454229
48-scale_8_im_4_col.png,./Clustering_PRJ/brown_bread\train\48-scale_8_im_4_col.png,brown_bread,104.38568559954102,22.102112004332113,-0.6305678473038113,0.24157763559139633,16.20288296041308,0.49108204078985396,0.7880669854586725,0.4467959861940053,8.084379388429742
48-scale_8_im_5_col.png,./Clustering_PRJ/brown_bread\train\48-scale_8_im_5_col.png,brown_bread,84.66382352941176,30.369486913358,0.018151379833433807,-0.5799453604571552,15.640367647058824,0.8434986766840261,0.703568445670794,0.30967743919983687,10.387785330081293
48-scale_8_im_6_col.png,./Clustering_PRJ/brown_bread\train\48-scale_8_im_6_col.png,brown_bread,106.06978527607362,41.472968222752364,0.08340822432743028,-0.8801584904467035,15.936388036809817,1.1936889648495645,0.6598125171208076,0.24599666560901648,12.120259098509145
48-scale_8_im_7_col.png,./Clustering_PRJ/brown_bread\train\48-scale_8_im_7_col.png,brown_bread,111.98164285714286,20.215376541870096,-0.8250520886958689,0.9366991116157308,16.361285714285714,0.4404575465243568,0.8054509971170207,0.47342503770781386,7.60958097603
48-scale_8_im_8_col.png,./Clustering_PRJ/brown_bread\train\48-scale_8_im_8_col.png,brown_bread,126.98058139534884,18.59894061257365,-1.1645033804845968,2.103542810890306,16.483720930232558,0.4177418065219237,0.8162877791742765,0.5063843994463606,6.87470530007567
48-scale_8_im_9_col.png,./Clustering_PRJ/brown_bread\train\48-scale_8_im_9_col.png,brown_bread,103.46981216457961,40.379471238735604,0.04880482456696088,-0.8851351444412039,15.936568276684556,1.094419971108387,0.6716009475620831,0.25313089070461625,11.877775812931358
48-scale_9_im_1_col.png,./Clustering_PRJ/brown_bread\train\48-scale_9_im_1_col.png,brown_bread,121.68219696969697,21.5139059438588,-0.9122971612601958,1.0254675303867433,16.450047348484848,0.49872782175056063,0.7886520791779236,0.43940200966947324,7.821403357580019
48-scale_9_im_2_col.png,./Clustering_PRJ/brown_bread\train\48-scale_9_im_2_col.png,brown_bread,120.53133796986256,24.768598947826096,-0.7728095632406244,0.5870946576499674,16.516600430534858,0.65915963911365,0.7461535323121797,0.39438038442258044,8.832963694951772
48-scale_9_im_3_col.png,./Clustering_PRJ/brown_bread\train\48-scale_9_im_3_col.png,brown_bread,105.51423611111112,39.76153600214417,0.02328037719059818,-0.8301451472692967,15.825043402777778,1.1710304204729298,0.6570714716244572,0.25072155626006354,11.92205902514356
48-scale_9_im_4_col.png,./Clustering_PRJ/brown_bread\train\48-scale_9_im_4_col.png,brown_bread,117.29194822499286,20.984902477497627,-0.7721000637732937,0.6651587640221801,16.45493480536785,0.43862738659241096,0.8051797590308394,0.4456603198357163,7.707592626041546
48-scale_9_im_5_col.png,./Clustering_PRJ/brown_bread\train\48-scale_9_im_5_col.png,brown_bread,101.0613880742913,30.329418900783008,-0.18840669643668703,-0.45429270262498056,16.256891495601174,0.8366839241511849,0.7031046435095447,0.3151275467276762,10.32488975479296
48-scale_9_im_6_col.png,./Clustering_PRJ/brown_bread\train\48-scale_9_im_6_col.png,brown_bread,105.55060969564786,41.622227545985524,0.08409259410732668,-0.8341587888547797,15.932189947457124,1.1966212403572083,0.6530712828105179,0.24386222315439376,12.160724951061741
48-scale_9_im_7_col.png,./Clustering_PRJ/brown_bread\train\48-scale_9_im_7_col.png,brown_bread,129.42193277310923,24.009617252970443,-0.7748279585956129,0.7158738988552336,16.560546218487396,0.5821123519860457,0.767031618297543,0.42501325086790853,8.566474135070939
48-scale_9_im_8_col.png,./Clustering_PRJ/brown_bread\train\48-scale_9_im_8_col.png,brown_bread,129.3572690091095,17.882851251804635,-1.166268291283643,2.3202137664139393,16.522866703848297,0.4107761693769646,0.8200432251676641,0.5299865708116994,6.614870709770526
48-scale_9_im_9_col.png,./Clustering_PRJ/brown_bread\train\48-scale_9_im_9_col.png,brown_bread,96.52677654423631,38.85009940767223,0.12095630590798896,-0.8012991157157336,15.621166919352472,1.11090394319887,0.6637068816951283,0.25759425057446994,11.764941702180774
42-scale_1_im_1_col.png,./Clustering_PRJ/corduroy\train\42-scale_1_im_1_col.png,corduroy,117.29445,15.375517851360325,-0.0952278368758755,-0.6064762693599475,17.605125,0.10429843943334766,0.9478507802833263,0.6346338473323391,4.941780158024394
42-scale_1_im_2_col.png,./Clustering_PRJ/corduroy\train\42-scale_1_im_2_col.png,corduroy,108.19375,23.308512628168707,-0.6977057961562673,-0.40611159274321507,16.956825,0.12592926946289235,0.9370353652685539,0.5460459976950844,6.275045093954278
42-scale_1_im_3_col.png,./Clustering_PRJ/corduroy\train\42-scale_1_im_3_col.png,corduroy,114.690425,23.46890364544912,0.32671683451098643,-0.5655685637614711,18.03525,0.18802722784778164,0.9060014614529937,0.4840100955469835,6.972919746170101
42-scale_1_im_4_col.png,./Clustering_PRJ/corduroy\train\42-scale_1_im_4_col.png,corduroy,101.914425,21.404336054159096,-0.5457444036105206,-0.35834152862185586,18.35005,0.25616518522259535,0.8735274046109947,0.5344047186511434,6.840037431890073
42-scale_1_im_5_col.png,./Clustering_PRJ/corduroy\train\42-scale_1_im_5_col.png,corduroy,100.273125,28.713532136161426,-0.7600060930738397,-0.2163307699369148,18.3643,0.3354828160905028,0.842307656372314,0.454957150827428,8.140349641347422
42-scale_1_im_6_col.png,./Clustering_PRJ/corduroy\train\42-scale_1_im_6_col.png,corduroy,120.54235,30.009689376558033,0.028684919808368667,-0.6061753910182062,19.152075,0.5297559089416934,0.7693718624529683,0.3405753563934466,9.632660365339582
42-scale_1_im_7_col.png,./Clustering_PRJ/corduroy\train\42-scale_1_im_7_col.png,corduroy,115.8975,18.811420567038525,-0.2507569317895917,-0.8961095963029289,17.6853,0.11555573091588597,0.9422221345420572,0.547770478225777,5.70048574852656
42-scale_1_im_8_col.png,./Clustering_PRJ/corduroy\train\42-scale_1_im_8_col.png,corduroy,105.8738,23.665257732803166,-0.49243644561118427,-0.9217343362263053,17.0969,0.13339625261988336,0.9333018736900583,0.5225207415745385,6.454901044416044
42-scale_1_im_9_col.png,./Clustering_PRJ/corduroy\train\42-scale_1_im_9_col.png,corduroy,118.171575,26.69619424223938,0.12413300887205844,-0.5711667047742095,18.60305,0.19731862831746672,0.9013558369738135,0.45595402396037926,7.491225493948978
42-scale_2_im_1_col.png,./Clustering_PRJ/corduroy\train\42-scale_2_im_1_col.png,corduroy,115.08795,17.54352344306867,-0.1194550692365781,0.112131811502032,17.254125,0.1928704136259185,0.9036630482816089,0.5777652820297328,5.996728434474637
42-scale_2_im_2_col.png,./Clustering_PRJ/corduroy\train\42-scale_2_im_2_col.png,corduroy,106.03095,23.17860526644129,-0.6647906236181436,0.08596366113421094,17.001175,0.20718457235928384,0.8970648184389283,0.5469433772166963,6.7692520402637095
42-scale_2_im_3_col.png,./Clustering_PRJ/corduroy\train\42-scale_2_im_3_col.png,corduroy,114.6152,31.041298764065914,0.28948041133146246,-0.44697981893372507,18.08865,0.47196567005883705,0.7874875950102271,0.3486419563982672,9.53697097576992
42-scale_2_im_4_col.png,./Clustering_PRJ/corduroy\train\42-scale_2_im_4_col.png,corduroy,114.659425,22.367168655629506,-0.1948318693974119,-0.4607591471310095,17.407875,0.3037640147976062,0.8527931018156109,0.4518521733413684,7.518981698113263
42-scale_2_im_5_col.png,./Clustering_PRJ/corduroy\train\42-scale_2_im_5_col.png,corduroy,116.71835,33.37813465844818,-0.7969812290301115,0.1919297532861215,17.374225,0.46255937350066934,0.8027130488757712,0.3841670430198467,9.3605556356354
42-scale_2_im_7_col.png,./Clustering_PRJ/corduroy\train\42-scale_2_im_7_col.png,corduroy,117.321975,20.616033980845465,-0.2380847499667328,-0.752184484341802,17.3691,0.21360893664301406,0.8951592699679299,0.4901901936626455,6.679522939226057
42-scale_2_im_8_col.png,./Clustering_PRJ/corduroy\train\42-scale_2_im_8_col.png,corduroy,105.213275,23.398737973967208,-0.5364421801000986,-0.5888534930506353,16.868425,0.217724173631979,0.893328009393702,0.5149435661175686,6.956739126185339
42-scale_2_im_9_col.png,./Clustering_PRJ/corduroy\train\42-scale_2_im_9_col.png,corduroy,126.205375,36.94902835135689,0.19752152249821092,-0.5429872143100254,18.554025,0.5949685929648243,0.7559320930324099,0.3012183950703546,10.663096548923157
42-scale_3_im_1_col.png,./Clustering_PRJ/corduroy\train\42-scale_3_im_1_col.png,corduroy,114.178075,15.642223764362118,0.1956866634629896,0.37751153246339664,17.2338,0.25943912401201985,0.8722664105704401,0.603738341974038,5.871327801499391
42-scale_3_im_2_col.png,./Clustering_PRJ/corduroy\train\42-scale_3_im_2_col.png,corduroy,105.7649,25.869870080655605,-0.6738699470816136,0.12142432085609167,16.695175,0.3627630931037096,0.8351828078836392,0.47183502299656,7.973680339137912
42-scale_3_im_3_col.png,./Clustering_PRJ/corduroy\train\42-scale_3_im_3_col.png,corduroy,123.006025,37.12203036876317,0.2659718067540555,-0.3690605248986416,18.271275,1.0061442577207649,0.6699029081633413,0.27010485225334624,11.588046922483834
42-scale_3_im_4_col.png,./Clustering_PRJ/corduroy\train\42-scale_3_im_4_col.png,corduroy,113.411,21.65411459746161,-0.17976922407997237,-0.23991845409423895,17.2372,0.35913581727734145,0.8292380811090627,0.44824145204374233,7.691975497475194
42-scale_3_im_5_col.png,./Clustering_PRJ/corduroy\train\42-scale_3_im_5_col.png,corduroy,107.4257,34.920319006418026,-0.8268673239589907,0.1201680041502553,16.8917,0.5576850332062322,0.771010076988549,0.3649739001842295,9.729100413178932
42-scale_3_im_6_col.png,./Clustering_PRJ/corduroy\train\42-scale_3_im_6_col.png,corduroy,117.2861,36.93894891290222,0.23436002552925944,-0.4834649324279474,17.884075,1.0350516085452384,0.6643769397391694,0.2668260624406155,11.603933891061638
42-scale_3_im_7_col.png,./Clustering_PRJ/corduroy\train\42-scale_3_im_7_col.png,corduroy,116.601725,20.778310855899115,-0.13534015120772436,-0.5744630046608608,17.29965,0.2989267000833312,0.8608062769879548,0.4698722517948105,7.19174507955562
42-scale_3_im_8_col.png,./Clustering_PRJ/corduroy\train\42-scale_3_im_8_col.png,corduroy,104.256925,22.122244789902652,-0.38031513040287274,-0.5685902204518958,16.6708,0.28736464988257876,0.8661940165652382,0.5017603378206531,7.190958033531315
42-scale_4_im_1_col.png,./Clustering_PRJ/corduroy\train\42-scale_4_im_1_col.png,corduroy,110.391375,13.998980341774004,0.13571383362076297,0.16745525006290363,17.1253,0.23891953486023076,0.8818616764728163,0.6501549441709418,5.308959005176488
42-scale_4_im_2_col.png,./Clustering_PRJ/corduroy\train\42-scale_4_im_2_col.png,corduroy,105.943575,20.04363218629236,-0.6463035682420132,0.41593592360858134,16.7987,0.30024806823060024,0.858671918007121,0.5547281763889511,6.763953582869284
42-scale_4_im_3_col.png,./Clustering_PRJ/corduroy\train\42-scale_4_im_3_col.png,corduroy,125.0918,35.88184670219748,0.26329363472065515,-0.34986797022210236,18.610425,1.0361028130602763,0.6629121720782449,0.2740794907319958,11.48865435809908
42-scale_4_im_4_col.png,./Clustering_PRJ/corduroy\train\42-scale_4_im_4_col.png,corduroy,115.0639,18.201515508055916,-0.003553860861120711,-0.13802906861149156,17.412875,0.3254513774904675,0.8417669250776495,0.5045498444271195,6.8838763053761935
42-scale_4_im_6_col.png,./Clustering_PRJ/corduroy\train\42-scale_4_im_6_col.png,corduroy,117.811275,35.69631574650772,0.23786146778299455,-0.4847271222431577,18.17975,1.0390035289512887,0.6616980574814088,0.2716367961326773,11.438434898787115
42-scale_4_im_7_col.png,./Clustering_PRJ/corduroy\train\42-scale_4_im_7_col.png,corduroy,110.935475,20.36223493441658,-0.144241014574644,-0.5716062159023818,17.105,0.3086251609807833,0.8577608646246307,0.4771044836170151,7.132033215851736
42-scale_4_im_8_col.png,./Clustering_PRJ/corduroy\train\42-scale_4_im_8_col.png,corduroy,107.0022,20.763541248062673,-0.20752592749088927,-0.5287326770800411,16.61395,0.2885106752354738,0.8666246149087145,0.4971721709302075,7.039269441616996
42-scale_4_im_9_col.png,./Clustering_PRJ/corduroy\train\42-scale_4_im_9_col.png,corduroy,123.56465,40.748552985075435,0.20806329704842794,-0.6039250556645062,18.411875,1.2089150526501853,0.6425133032360395,0.24480674047925313,12.241562949987175
42-scale_5_im_1_col.png,./Clustering_PRJ/corduroy\train\42-scale_5_im_1_col.png,corduroy,112.77815,14.284158448347595,0.14130824983171558,0.086935971330937,17.216825,0.2503442463574152,0.8763234451150225,0.6379088400373735,5.449188999688971
42-scale_5_im_2_col.png,./Clustering_PRJ/corduroy\train\42-scale_5_im_2_col.png,corduroy,105.07935,22.522011534885156,-0.754526870904234,0.2889566842064797,16.59445,0.3603602813060276,0.8368665122092878,0.5188084963584013,7.357644383219089
42-scale_5_im_3_col.png,./Clustering_PRJ/corduroy\train\42-scale_5_im_3_col.png,corduroy,129.931,36.21681707439239,0.27244139399114814,-0.33742426434529227,18.69835,1.1626678934875385,0.6440821796258175,0.267043957494703,11.695203771180779
42-scale_5_im_4_col.png,./Clustering_PRJ/corduroy\train\42-scale_5_im_4_col.png,corduroy,113.1586,18.58172344105896,-0.03843142105687715,-0.20596921026658643,17.2894,0.3424675513244615,0.8338714742051969,0.49516125997583765,6.998081773091009
42-scale_5_im_5_col.png,./Clustering_PRJ/corduroy\train\42-scale_5_im_5_col.png,corduroy,106.1869,33.72483830042777,-0.9166888030415336,0.27836125787435995,16.45065,0.7057987172041109,0.7502321859073673,0.3823958591322557,9.590343039756888
42-scale_5_im_6_col.png,./Clustering_PRJ/corduroy\train\42-scale_5_im_6_col.png,corduroy,123.553975,36.48110862760855,0.24884053827450445,-0.46366981244927485,18.45085,1.1372755738491451,0.646416844791501,0.26315442835883235,11.682863898172018
42-scale_5_im_7_col.png,./Clustering_PRJ/corduroy\train\42-scale_5_im_7_col.png,corduroy,113.696125,21.664363248994302,-0.2478760581080402,-0.5979253838994034,17.313925,0.36421154137521783,0.837813347516477,0.44292942919560274,7.585665862936109
42-scale_5_im_8_col.png,./Clustering_PRJ/corduroy\train\42-scale_5_im_8_col.png,corduroy,108.356375,22.06093315930618,-0.3009985196358409,-0.6285785079326471,16.637525,0.3496216951592132,0.8419504715790005,0.45624544704113446,7.570963937096328
42-scale_5_im_9_col.png,./Clustering_PRJ/corduroy\train\42-scale_5_im_9_col.png,corduroy,125.3441,40.34151763617725,0.1683760221345013,-0.6225548845444622,18.4373,1.2997032587560917,0.6288018186300885,0.2414698578716347,12.300923623925527
42-scale_6_im_1_col.png,./Clustering_PRJ/corduroy\train\42-scale_6_im_1_col.png,corduroy,117.23045,14.470727099821213,0.1289941385913839,0.13394277721982295,17.183975,0.26377544127673547,0.869660422085301,0.6058725504174406,5.635896343462893
42-scale_6_im_2_col.png,./Clustering_PRJ/corduroy\train\42-scale_6_im_2_col.png,corduroy,105.679825,19.613526275745905,-0.6080129482670044,0.3661162448376527,16.87425,0.3222803401429256,0.8497692135299614,0.553734526493963,6.742070642022498
42-scale_6_im_3_col.png,./Clustering_PRJ/corduroy\train\42-scale_6_im_3_col.png,corduroy,130.6286,34.34594098346994,0.2583202311488637,-0.32182819274971886,18.529425,1.1323957412691597,0.6481611849543361,0.2764448087625437,11.415663654257822
42-scale_6_im_4_col.png,./Clustering_PRJ/corduroy\train\42-scale_6_im_4_col.png,corduroy,110.7859,16.351952824968645,0.14816753868503393,-0.06057959721868089,17.122675,0.31833318603065575,0.8437175386985176,0.5497919565550078,6.367455385795644
42-scale_6_im_5_col.png,./Clustering_PRJ/corduroy\train\42-scale_6_im_5_col.png,corduroy,105.291025,33.049336293628876,-0.9078580452231905,0.2014886955404358,16.57625,0.7865336733920861,0.7391436698716758,0.3873621971209955,9.54697751947691
42-scale_6_im_6_col.png,./Clustering_PRJ/corduroy\train\42-scale_6_im_6_col.png,corduroy,130.255125,37.44136530943249,0.2832441625386926,-0.3971483646048011,18.7426,1.3379605944294335,0.6192472537715292,0.2523432815279655,12.047824451356806
42-scale_6_im_7_col.png,./Clustering_PRJ/corduroy\train\42-scale_6_im_7_col.png,corduroy,120.608575,22.145735740078155,-0.38559372532705666,-0.47093203132378925,17.5167,0.4177103166586702,0.8179415513497135,0.4354885858622646,7.755713347328854
42-scale_6_im_8_col.png,./Clustering_PRJ/corduroy\train\42-scale_6_im_8_col.png,corduroy,111.004875,22.584078489820545,-0.4566161407329602,-0.5514192241904103,16.7283,0.4022442930734073,0.8228184231458802,0.43367110724132774,7.845943242958306
42-scale_6_im_9_col.png,./Clustering_PRJ/corduroy\train\42-scale_6_im_9_col.png,corduroy,126.4281,37.780742851219856,0.10661085852221001,-0.6379247877980987,18.47925,1.2980979646978619,0.6254066877339015,0.24995077527231285,11.991774794456822
42-scale_7_im_1_col.png,./Clustering_PRJ/corduroy\train\42-scale_7_im_1_col.png,corduroy,111.354975,14.254529727401568,0.22140961209524837,0.16026016046852254,17.153475,0.26461929622989316,0.8688990713618343,0.6325889793580627,5.495777894978963
42-scale_7_im_2_col.png,./Clustering_PRJ/corduroy\train\42-scale_7_im_2_col.png,corduroy,110.3415,22.80938135395171,-0.7340744679054241,0.178774736618863,16.8651,0.46702810535087497,0.7971820282316103,0.4536774270480094,7.96480572371553
42-scale_7_im_3_col.png,./Clustering_PRJ/corduroy\train\42-scale_7_im_3_col.png,corduroy,127.332775,30.67591132793572,0.2606835064145948,-0.3403646958079958,18.464825,0.9855333514305195,0.6693158451681084,0.3015475528790846,10.660049660610929
42-scale_7_im_4_col.png,./Clustering_PRJ/corduroy\train\42-scale_7_im_4_col.png,corduroy,115.88885,17.188725830540783,0.024104495895198814,-0.24069242681721947,17.5074,0.36633579328804833,0.8224344240044443,0.5042862946065099,6.795539127760999
42-scale_7_im_5_col.png,./Clustering_PRJ/corduroy\train\42-scale_7_im_5_col.png,corduroy,112.33325,35.00655287853261,-0.9406047059244719,0.14350401087878017,16.77835,1.0077677015731927,0.7085083882685672,0.3532861202374364,9.997972218485327
42-scale_7_im_6_col.png,./Clustering_PRJ/corduroy\train\42-scale_7_im_6_col.png,corduroy,128.8243,34.81452253744118,0.18519749777380076,-0.5012306595422356,18.586875,1.3497269955304152,0.6132950009060971,0.25995762984064397,11.700845959817762
42-scale_7_im_7_col.png,./Clustering_PRJ/corduroy\train\42-scale_7_im_7_col.png,corduroy,119.220375,21.86732859448943,-0.3328481038081838,-0.5136410211038225,17.46785,0.4485062561551476,0.8063851512588064,0.4261295057426345,7.817075593271233
42-scale_7_im_8_col.png,./Clustering_PRJ/corduroy\train\42-scale_7_im_8_col.png,corduroy,111.754875,22.3369355269333,-0.4153659620260107,-0.6374125391716672,16.910075,0.43807066109441684,0.8087856714476906,0.42105291357737024,7.883469076852223
42-scale_7_im_9_col.png,./Clustering_PRJ/corduroy\train\42-scale_7_im_9_col.png,corduroy,122.3353,37.827796974050706,0.1468543362010012,-0.5693204513644594,18.392675,1.5079334802151465,0.5977363012366228,0.24255562115993679,12.237113221090942
42-scale_8_im_1_col.png,./Clustering_PRJ/corduroy\train\42-scale_8_im_1_col.png,corduroy,113.62545,14.58934242169605,0.1427373721130477,0.12962912811395677,17.31365,0.29067324688770485,0.856740104416555,0.6098497485610055,5.730898667774732
42-scale_8_im_2_col.png,./Clustering_PRJ/corduroy\train\42-scale_8_im_2_col.png,corduroy,111.329375,26.245304096340263,-0.8581369736054584,0.15013485166441454,17.03415,0.6625692217368248,0.7505687766723061,0.3889770355825632,8.855524109724914
42-scale_8_im_3_col.png,./Clustering_PRJ/corduroy\train\42-scale_8_im_3_col.png,corduroy,128.350925,32.72410314499658,0.25157534852225405,-0.3186682274210182,18.607175,1.2524749375015782,0.6276885571014308,0.2782989029091235,11.2695944718815
42-scale_8_im_4_col.png,./Clustering_PRJ/corduroy\train\42-scale_8_im_4_col.png,corduroy,110.816475,16.56421122705138,0.06308825920477536,-0.20564897148792038,17.19885,0.37193719855559204,0.8194524759475772,0.5244779455712718,6.598336808002715
42-scale_8_im_5_col.png,./Clustering_PRJ/corduroy\train\42-scale_8_im_5_col.png,corduroy,110.804975,40.19899862247038,-0.8582763542288705,-0.22232616069143019,16.377,1.4753292214843061,0.6553617796513435,0.32153227556354214,10.867070917956921
42-scale_8_im_6_col.png,./Clustering_PRJ/corduroy\train\42-scale_8_im_6_col.png,corduroy,129.9039,35.79038019901437,0.27489358102782735,-0.3523957863114662,18.57885,1.4850233579960106,0.5984615895937544,0.2557364582500371,11.917887828663861
42-scale_8_im_7_col.png,./Clustering_PRJ/corduroy\train\42-scale_8_im_7_col.png,corduroy,120.369075,22.371748001539242,-0.3403304644327555,-0.5601187956828397,17.505125,0.5170767467993233,0.7844737222544885,0.41718138590432163,8.00176549143235
42-scale_8_im_8_col.png,./Clustering_PRJ/corduroy\train\42-scale_8_im_8_col.png,corduroy,117.0145,24.024102267306475,-0.5339270282164297,-0.5929937192530716,17.353675,0.5345005176636953,0.7819803919092951,0.408979051877422,8.169601546074578
42-scale_8_im_9_col.png,./Clustering_PRJ/corduroy\train\42-scale_8_im_9_col.png,corduroy,125.60555,36.36624615213261,0.013856938992386414,-0.5820029861118781,18.460925,1.5610306242266612,0.588607651496186,0.2477891095135184,12.033829236361829
42-scale_9_im_1_col.png,./Clustering_PRJ/corduroy\train\42-scale_9_im_1_col.png,corduroy,117.110025,15.512977454356562,0.1386538603389676,-0.13490087884614832,17.5467,0.33183164566551354,0.8384562637307138,0.5566798038737997,6.176591984419376
42-scale_9_im_2_col.png,./Clustering_PRJ/corduroy\train\42-scale_9_im_2_col.png,corduroy,112.914725,26.43155411954384,-0.8203660226947541,-0.13281410431255924,17.09765,0.7556181977727835,0.7317068098027829,0.3722054891776682,8.975862447696661
42-scale_9_im_3_col.png,./Clustering_PRJ/corduroy\train\42-scale_9_im_3_col.png,corduroy,129.746575,33.610822673201184,0.30129414477813954,-0.2574481895311136,18.688675,1.4987804916542513,0.5958668113041847,0.26651462538688575,11.59639327623387
42-scale_9_im_4_col.png,./Clustering_PRJ/corduroy\train\42-scale_9_im_4_col.png,corduroy,118.54895,19.285654095661364,-0.09274703298894453,-0.5192664621142615,18.054825,0.4683195500113633,0.7864604239791921,0.4439317038500722,7.443960834011611
42-scale_9_im_5_col.png,./Clustering_PRJ/corduroy\train\42-scale_9_im_5_col.png,corduroy,113.659525,42.690109531065566,-0.7882598168185334,-0.49203875746450976,16.5012,1.939510271205272,0.6255558139128987,0.31714747503162805,11.22778475759036
42-scale_9_im_6_col.png,./Clustering_PRJ/corduroy\train\42-scale_9_im_6_col.png,corduroy,127.07705,31.25179536118685,0.16207097577633348,-0.42081757307714174,18.498975,1.2885239640413122,0.6183054418903222,0.2822302813233425,11.041640347038523
42-scale_9_im_7_col.png,./Clustering_PRJ/corduroy\train\42-scale_9_im_7_col.png,corduroy,122.2552,22.854617103771396,-0.30065034253157213,-0.6463861633317021,17.92135,0.6012731370419938,0.7615965190272973,0.4130983149914154,8.172107903019347
42-scale_9_im_8_col.png,./Clustering_PRJ/corduroy\train\42-scale_9_im_8_col.png,corduroy,118.6766,24.95789980026364,-0.5124615795848431,-0.7103528318297219,17.6809,0.633031646928108,0.7575922293628949,0.41373840116077987,8.216958105613006
42-scale_9_im_9_col.png,./Clustering_PRJ/corduroy\train\42-scale_9_im_9_col.png,corduroy,127.702275,37.01546278009199,-0.010232999222320545,-0.5157938595889036,18.61855,1.7590239198505087,0.5690537281184109,0.24209231469004688,12.2336335312589
46-scale_1_im_1_col.png,./Clustering_PRJ/cotton\train\46-scale_1_im_1_col.png,cotton,142.0474,8.57348839388029,-0.03677813363305179,-0.3500756317614808,17.092875,0.06624346607408904,0.9668782669629556,0.9076507101439644,1.8640233595068159
46-scale_1_im_2_col.png,./Clustering_PRJ/cotton\train\46-scale_1_im_2_col.png,cotton,128.491225,13.101890054468287,-0.18021731289250187,-0.6430918895434123,17.167275,0.20318745107446778,0.8984062744627661,0.5859141597029518,4.849935573009337
46-scale_1_im_3_col.png,./Clustering_PRJ/cotton\train\46-scale_1_im_3_col.png,cotton,127.0323,15.449699243350985,0.077063995574649,-0.27447172594196,17.6752,0.21480275119315168,0.8926289266685185,0.5615575954151946,5.609977126648406
46-scale_1_im_4_col.png,./Clustering_PRJ/cotton\train\46-scale_1_im_4_col.png,cotton,123.437425,14.136100394711939,-0.050360090130227235,-0.28860186476096406,17.26645,0.29203631221433807,0.8554277922274689,0.5438168779486758,5.752255121512312
46-scale_1_im_5_col.png,./Clustering_PRJ/cotton\train\46-scale_1_im_5_col.png,cotton,108.4352,23.037945892809105,0.014598167144912137,-0.5545490941546247,17.514775,0.5278167849296735,0.7641329827529607,0.3945239654160421,8.34590703066672
46-scale_1_im_6_col.png,./Clustering_PRJ/cotton\train\46-scale_1_im_6_col.png,cotton,121.8647,24.50084679985571,0.41258579202563134,0.05454360096758437,18.33985,0.602982500441908,0.7545185185460261,0.39263765983892895,8.855694693956814
46-scale_1_im_7_col.png,./Clustering_PRJ/cotton\train\46-scale_1_im_7_col.png,cotton,139.182,10.33983684590816,-0.1834943609598562,-0.24997739480133907,17.54145,0.13928395116284945,0.9303580244185754,0.7883332391467758,3.3642098788833756
46-scale_1_im_8_col.png,./Clustering_PRJ/cotton\train\46-scale_1_im_8_col.png,cotton,128.684625,8.506010440234306,-0.11072520829338887,-0.34086902331107716,17.556675,0.22151482917098053,0.8892425854145096,0.5820539565985188,4.779759191712163
46-scale_1_im_9_col.png,./Clustering_PRJ/cotton\train\46-scale_1_im_9_col.png,cotton,125.776375,16.059910238210396,0.02544404839448369,-0.1891649848778152,17.7998,0.22958526931138107,0.8854190266659934,0.549672780348104,5.888528993902084
46-scale_2_im_1_col.png,./Clustering_PRJ/cotton\train\46-scale_2_im_1_col.png,cotton,140.23705,18.9885638555816,0.0034637129186713745,-0.24366891156689707,17.41755,0.456559745966011,0.784439843690816,0.4506343528203648,7.480650231301039
46-scale_2_im_2_col.png,./Clustering_PRJ/cotton\train\46-scale_2_im_2_col.png,cotton,121.5944,28.219125405299152,0.061660142611013984,-0.8980219084556156,17.3731,0.7584733024418575,0.7102391129086165,0.3312723575276597,9.645653922063333
46-scale_2_im_3_col.png,./Clustering_PRJ/cotton\train\46-scale_2_im_3_col.png,cotton,133.181375,32.99662146507389,0.24545653503795442,-0.16814863319197038,18.0921,0.9675788805838239,0.6741663577071559,0.2940820567468995,10.964772594754749
46-scale_2_im_4_col.png,./Clustering_PRJ/cotton\train\46-scale_2_im_4_col.png,cotton,142.18005,23.931118486136413,0.15101303042880432,-0.31379674743416697,17.364275,0.7322946705891266,0.7138993665861084,0.3653247761177022,9.067286644396066
46-scale_2_im_5_col.png,./Clustering_PRJ/cotton\train\46-scale_2_im_5_col.png,cotton,118.250125,35.074407514373995,0.059549414846061216,-0.7721641682412592,17.482575,1.2942458839423243,0.62560471864941,0.27231490784596146,11.327167316230742
46-scale_2_im_6_col.png,./Clustering_PRJ/cotton\train\46-scale_2_im_6_col.png,cotton,126.018925,32.08409523181813,0.40061393290654074,0.05797216956609219,17.566125,1.0109817302593371,0.6763528385113502,0.30436211624343446,10.831724854717027
46-scale_2_im_7_col.png,./Clustering_PRJ/cotton\train\46-scale_2_im_7_col.png,cotton,139.66695,21.837311595008668,0.11979284659503643,-0.44059664933799736,17.5306,0.5632849864902401,0.7512720164894822,0.39531128813339683,8.322393655012416
46-scale_2_im_8_col.png,./Clustering_PRJ/cotton\train\46-scale_2_im_8_col.png,cotton,123.894325,19.008752136696796,0.012313176254854834,-0.4916707416479893,17.455575,0.46253835130426,0.7894342409282593,0.4603632189784571,7.310523398176245
46-scale_2_im_9_col.png,./Clustering_PRJ/cotton\train\46-scale_2_im_9_col.png,cotton,129.11195,33.7059715361759,0.3420490943495289,-0.04836641514627704,17.982275,1.0295680980278277,0.6689703529556879,0.2918332051733371,11.134962446147405
46-scale_3_im_1_col.png,./Clustering_PRJ/cotton\train\46-scale_3_im_1_col.png,cotton,137.30465,20.347601538694924,0.01018633862840796,-0.35770521730704985,17.42175,0.5999960543925658,0.7356079163553507,0.40849200839844635,8.029187213659087
46-scale_3_im_2_col.png,./Clustering_PRJ/cotton\train\46-scale_3_im_2_col.png,cotton,128.561625,34.97782086350399,0.02219643043041755,-0.9908083660812705,17.6879,1.4030498282871644,0.6042213643737686,0.2732881977772596,11.140469492476164
46-scale_3_im_3_col.png,./Clustering_PRJ/cotton\train\46-scale_3_im_3_col.png,cotton,136.8597,36.67846256197225,0.2476617587278919,-0.28392367931020956,18.414575,1.450585875356683,0.605378517667923,0.25547183659373535,11.998092195663958
46-scale_3_im_4_col.png,./Clustering_PRJ/cotton\train\46-scale_3_im_4_col.png,cotton,130.111925,23.232374992548117,0.03403340940030479,-0.6403167289965812,17.641275,0.7891898878816193,0.6958747411681525,0.3732975843924528,8.862109064295876
46-scale_3_im_5_col.png,./Clustering_PRJ/cotton\train\46-scale_3_im_5_col.png,cotton,122.24005,39.204849521424,0.03080993524005895,-0.8889901121432122,17.8746,1.9154946529128054,0.553173071595614,0.24266073313947176,12.146793120438982
46-scale_3_im_6_col.png,./Clustering_PRJ/cotton\train\46-scale_3_im_6_col.png,cotton,129.354225,33.27702660469194,0.3629631729157987,-0.14048716732382172,18.148025,1.3144223946364988,0.6258954698542165,0.2802484535812258,11.366999737571485
46-scale_3_im_7_col.png,./Clustering_PRJ/cotton\train\46-scale_3_im_7_col.png,cotton,138.087925,24.872286669994278,0.06759326741050922,-0.6591838305758548,17.5783,0.8274896782909521,0.6829211667634657,0.35127690411345136,9.20497896759793
46-scale_3_im_8_col.png,./Clustering_PRJ/cotton\train\46-scale_3_im_8_col.png,cotton,130.627375,22.08585125389952,-0.04145824668583864,-0.6302287394541999,17.2433,0.7074269273503196,0.7191426688942795,0.39906190473577613,8.413302906210987
46-scale_3_im_9_col.png,./Clustering_PRJ/cotton\train\46-scale_3_im_9_col.png,cotton,136.613125,38.59722014257471,0.33964732727279395,-0.1658637638113749,18.0233,1.6532448044241304,0.5863544560604292,0.24562949630564782,12.404433829707642
46-scale_4_im_1_col.png,./Clustering_PRJ/cotton\train\46-scale_4_im_1_col.png,cotton,135.564,19.658079865541293,0.005821002544336072,-0.6219520618657959,17.398125,0.6804375836468776,0.7116014147370017,0.4166107377774434,7.832113452347649
46-scale_4_im_2_col.png,./Clustering_PRJ/cotton\train\46-scale_4_im_2_col.png,cotton,122.334475,34.123157114698145,-0.021904165938674825,-1.092091110143926,17.5762,1.689159459357087,0.5652696071051957,0.2824876212823194,10.844950502360614
46-scale_4_im_3_col.png,./Clustering_PRJ/cotton\train\46-scale_4_im_3_col.png,cotton,134.368725,36.77139876146099,0.27757117269266984,-0.32365429109890753,18.3646,1.7569791798186913,0.5689035698113571,0.2468433906237096,12.21723055991943
46-scale_4_im_4_col.png,./Clustering_PRJ/cotton\train\46-scale_4_im_4_col.png,cotton,128.46665,22.963042868433185,-0.019353142450128164,-0.7037233392858746,17.474875,0.9377046665488242,0.665539081380892,0.373784428777117,8.870709350149609
46-scale_4_im_5_col.png,./Clustering_PRJ/cotton\train\46-scale_4_im_5_col.png,cotton,119.026175,38.901904064831776,0.0416128593310998,-0.9200398684863633,17.803375,2.324417975556173,0.5173005708040648,0.2453567065134971,12.063780082074747
46-scale_4_im_6_col.png,./Clustering_PRJ/cotton\train\46-scale_4_im_6_col.png,cotton,132.24475,34.04665618585032,0.3417697456136486,-0.20840360488079757,18.15125,1.584116183934749,0.5906189435874528,0.26554922086315585,11.698594687484643
46-scale_4_im_7_col.png,./Clustering_PRJ/cotton\train\46-scale_4_im_7_col.png,cotton,137.107225,23.682945927383592,0.07702129719263177,-0.7133491405227796,17.339275,0.927297984899371,0.659844858715689,0.3624450117860005,8.935220808851867
46-scale_4_im_8_col.png,./Clustering_PRJ/cotton\train\46-scale_4_im_8_col.png,cotton,123.555325,20.244684219428443,-0.06520610110604692,-0.6790447316754502,17.28925,0.730887887932123,0.7121183398146512,0.42741326592810835,7.8459702594090714
46-scale_4_im_9_col.png,./Clustering_PRJ/cotton\train\46-scale_4_im_9_col.png,cotton,130.5347,36.71610948766222,0.37946388134869186,-0.1801323557850476,18.127775,1.8084247241231277,0.5657235298516731,0.24916004045352363,12.244815198901414
46-scale_5_im_1_col.png,./Clustering_PRJ/cotton\train\46-scale_5_im_1_col.png,cotton,137.059775,19.402805259791045,0.0019224087787540324,-0.7068274747977794,17.29795,0.7940687419509609,0.6816208442077369,0.4180975068151566,7.7804373129436835
46-scale_5_im_2_col.png,./Clustering_PRJ/cotton\train\46-scale_5_im_2_col.png,cotton,123.546225,31.32939136417072,-0.08335705208359809,-1.1006692981665647,17.60755,1.8190116726850332,0.5536984224625937,0.2989727935624423,10.318698450479243
46-scale_5_im_3_col.png,./Clustering_PRJ/cotton\train\46-scale_5_im_3_col.png,cotton,138.942425,30.611035757049695,0.20375638761658157,-0.38293576907181004,18.407675,1.4810545503901416,0.5900627167620316,0.28430824981634256,11.043860125469168
46-scale_5_im_4_col.png,./Clustering_PRJ/cotton\train\46-scale_5_im_4_col.png,cotton,136.761525,21.82855365511822,-0.07674791233118121,-0.7007519641759146,17.2799,1.0266773566324083,0.6452307821994989,0.3839400929770176,8.471900025503507
46-scale_5_im_5_col.png,./Clustering_PRJ/cotton\train\46-scale_5_im_5_col.png,cotton,117.91235,36.38871208874395,0.09512018951313447,-0.8613630807677937,17.664275,2.434180102775182,0.5132002026064062,0.26156885163368254,11.599630361480504
46-scale_5_im_6_col.png,./Clustering_PRJ/cotton\train\46-scale_5_im_6_col.png,cotton,137.93865,33.30538974666863,0.2923774140178283,-0.2725260755090382,18.198925,1.7238526804878662,0.5725310735331537,0.265633611914683,11.665928599655807
46-scale_5_im_7_col.png,./Clustering_PRJ/cotton\train\46-scale_5_im_7_col.png,cotton,136.04875,22.92813061366975,0.06242922046029357,-0.7418147516437577,17.369375,1.0638602560541406,0.6342772835504751,0.3748680456118748,8.694795379391916
46-scale_5_im_8_col.png,./Clustering_PRJ/cotton\train\46-scale_5_im_8_col.png,cotton,124.15665,18.128495822254532,-0.07980774560481492,-0.6427155797466084,17.074925,0.720919105578142,0.7091794083482741,0.46950781378637946,7.047895020040141
46-scale_6_im_1_col.png,./Clustering_PRJ/cotton\train\46-scale_6_im_1_col.png,cotton,139.49775,15.394390047595259,0.0224451547525588,-0.6052738933349606,17.1921,0.6508214123380722,0.7269501685563496,0.4973598699226952,6.690248798658538
46-scale_6_im_2_col.png,./Clustering_PRJ/cotton\train\46-scale_6_im_2_col.png,cotton,127.9411,27.000224643324728,-0.13052313297074516,-0.9769536841302005,17.39235,1.6898801166637203,0.5752301223082601,0.33548942114479496,9.498906020913104
46-scale_6_im_3_col.png,./Clustering_PRJ/cotton\train\46-scale_6_im_3_col.png,cotton,136.38375,27.441578597768387,0.2570359223086744,-0.29061624478130277,17.917225,1.3834834663266078,0.602331619742337,0.311249318198704,10.361517214506257
46-scale_6_im_4_col.png,./Clustering_PRJ/cotton\train\46-scale_6_im_4_col.png,cotton,137.240275,15.56019578682656,0.0017148762079551914,-0.3514440020158216,17.213675,0.660477292240095,0.7265437836165753,0.5058970149053044,6.548470269382006
46-scale_6_im_5_col.png,./Clustering_PRJ/cotton\train\46-scale_6_im_5_col.png,cotton,122.2256,30.921649448889365,0.15638577304387208,-0.6493599518319404,17.497125,2.050920336607662,0.5485023199029092,0.29764134022621225,10.600272157777711
46-scale_6_im_6_col.png,./Clustering_PRJ/cotton\train\46-scale_6_im_6_col.png,cotton,133.64785,24.594605920353754,0.2186115008279171,-0.16781687599155193,18.009225,1.1528167849296738,0.6377767335792175,0.34395349906625333,9.607035223837709
46-scale_6_im_7_col.png,./Clustering_PRJ/cotton\train\46-scale_6_im_7_col.png,cotton,138.495725,19.722529800316565,0.1133653014945892,-0.6453150737548996,17.243925,0.9404884662003485,0.6569623273402188,0.41384607791550554,7.834738286543475
46-scale_6_im_8_col.png,./Clustering_PRJ/cotton\train\46-scale_6_im_8_col.png,cotton,128.1264,12.923375063813632,-0.04673444887872204,-0.35635505696931213,17.174,0.5793283944849877,0.7214894983712532,0.5384401674945763,5.486192352033105
46-scale_6_im_9_col.png,./Clustering_PRJ/cotton\train\46-scale_6_im_9_col.png,cotton,136.0746,29.896084774431586,0.3472470686401008,-0.15668180352071026,17.835125,1.5561777480366656,0.5901406590125643,0.2918239333771676,10.972056845316269
46-scale_7_im_1_col.png,./Clustering_PRJ/cotton\train\46-scale_7_im_1_col.png,cotton,130.800175,12.265973054322881,0.03003232048706244,-0.5353658971066544,16.981225,0.5801338034393072,0.7166769052549179,0.5595884433719559,5.151290558303689
46-scale_7_im_2_col.png,./Clustering_PRJ/cotton\train\46-scale_7_im_2_col.png,cotton,127.887,20.455617345853927,-0.16801908905803423,-0.6873259605403823,17.32705,1.0661399333350168,0.6401494469836619,0.46810370851914407,7.337768117666466
46-scale_7_im_3_col.png,./Clustering_PRJ/cotton\train\46-scale_7_im_3_col.png,cotton,134.5031,24.572503746871217,0.23574223264749214,-0.21842180444870696,17.996775,1.215272183783238,0.6250928461773839,0.3396640335570802,9.668384835784947
46-scale_7_im_5_col.png,./Clustering_PRJ/cotton\train\46-scale_7_im_5_col.png,cotton,121.0754,23.6443590490417,0.19519651443903843,-0.288803519907725,17.465525,1.1795451503749907,0.6446490318129223,0.3749863838597446,9.03680279013856
46-scale_7_im_6_col.png,./Clustering_PRJ/cotton\train\46-scale_7_im_6_col.png,cotton,133.18785,21.477074111188887,0.15232419220747315,-0.12707668131537941,17.867375,0.9459415166283679,0.6701680847334514,0.3796859153355124,8.793060485004066
46-scale_7_im_7_col.png,./Clustering_PRJ/cotton\train\46-scale_7_im_7_col.png,cotton,131.139325,13.78521721063455,0.1421099724282341,-0.3456921128952395,16.949575,0.5909929989141689,0.7270352421656019,0.5135742612881098,5.964109570737371
46-scale_7_im_8_col.png,./Clustering_PRJ/cotton\train\46-scale_7_im_8_col.png,cotton,128.274525,10.5911076391648,-0.02092244670583647,-0.15064181051561354,17.052775,0.5782082523168606,0.7136217140981288,0.5480364951272949,5.1992884712726966
46-scale_7_im_9_col.png,./Clustering_PRJ/cotton\train\46-scale_7_im_9_col.png,cotton,128.8977,22.89092144737734,0.30160767624174284,-0.09221533101858803,17.59495,1.053336184692306,0.6530101822666391,0.36716831945501144,9.14592338129264
46-scale_8_im_1_col.png,./Clustering_PRJ/cotton\train\46-scale_8_im_1_col.png,cotton,130.0613,7.818554361900926,0.12280441019733679,0.11729187359003657,17.2295,0.5240747077094012,0.7381741559556578,0.5547711199934162,5.028481613719582
46-scale_8_im_2_col.png,./Clustering_PRJ/cotton\train\46-scale_8_im_2_col.png,cotton,130.42805,13.684468319869062,-0.18676406549068228,-0.11009312452461817,17.244,0.5916766622054999,0.7283687091235069,0.5382916619621285,5.658947963968646
46-scale_8_im_3_col.png,./Clustering_PRJ/cotton\train\46-scale_8_im_3_col.png,cotton,127.861325,17.308408194989365,0.22500144532315994,0.06627486620827971,18.09365,0.6351154958208127,0.7335932888281195,0.4464333703152453,7.337729875996436
46-scale_8_im_4_col.png,./Clustering_PRJ/cotton\train\46-scale_8_im_4_col.png,cotton,129.096575,8.657834502309166,0.05835625466495944,0.11332657790203982,17.14515,0.4078545996313224,0.7966163606979622,0.5204992354857771,5.419178566568912
46-scale_8_im_5_col.png,./Clustering_PRJ/cotton\train\46-scale_8_im_5_col.png,cotton,124.216075,17.346545379249868,0.16160582087148653,0.03841139626760537,18.406125,0.5641547877578849,0.766524977273301,0.4736050351721499,7.106036232769279
46-scale_8_im_6_col.png,./Clustering_PRJ/cotton\train\46-scale_8_im_6_col.png,cotton,128.035625,15.858069108796789,0.150379318769943,0.13458065514256612,17.80685,0.5508751672937552,0.7574786862928297,0.4633241548122953,6.942968369394956
46-scale_8_im_7_col.png,./Clustering_PRJ/cotton\train\46-scale_8_im_7_col.png,cotton,132.5157,9.822026446207524,0.26415100620920473,0.03500532267887113,16.84935,0.3243713542587308,0.8394453422893362,0.5841643554665741,5.087552065421667
46-scale_8_im_9_col.png,./Clustering_PRJ/cotton\train\46-scale_8_im_9_col.png,cotton,125.210275,16.263288702607937,0.19284005322860076,0.08451904420257739,17.78315,0.5592479040933309,0.7555347813186535,0.46941122731647245,6.954713455531058
46-scale_9_im_1_col.png,./Clustering_PRJ/cotton\train\46-scale_9_im_1_col.png,cotton,131.13395,4.412290493326568,-0.2471593170770035,-0.47795281869062567,17.121175,0.07027092118885886,0.9648645394055706,0.7724627368580668,3.040440645357505
46-scale_9_im_2_col.png,./Clustering_PRJ/cotton\train\46-scale_9_im_2_col.png,cotton,128.730825,8.79364087391423,-0.42475294400546476,0.6166123293508443,17.143475,0.37605480290901755,0.8129165141031793,0.538948552826341,5.276494334319682
46-scale_9_im_3_col.png,./Clustering_PRJ/cotton\train\46-scale_9_im_3_col.png,cotton,129.08215,13.944637011320875,0.09814567759997761,0.05346618771969869,17.40605,0.39725139516678876,0.8095903828186157,0.5012921577773962,6.172974217487839
46-scale_9_im_4_col.png,./Clustering_PRJ/cotton\train\46-scale_9_im_4_col.png,cotton,129.060475,4.939364106276738,-0.15662652485257747,-0.5952147829014356,17.184025,0.07581181662079241,0.9620940916896039,0.6794774630845126,3.706591894832668
46-scale_9_im_5_col.png,./Clustering_PRJ/cotton\train\46-scale_9_im_5_col.png,cotton,123.311875,14.627347981926697,-0.201076375054162,0.2244545460383347,25.19375,0.3854572485543294,0.8240994734981438,0.517654663440699,6.205664145561297
46-scale_9_im_6_col.png,./Clustering_PRJ/cotton\train\46-scale_9_im_6_col.png,cotton,128.62845,11.369102893258553,-0.010567048339522569,0.10675653412698205,17.484,0.32931393777934903,0.8368463264816544,0.5295980830499237,5.500721824250231
46-scale_9_im_7_col.png,./Clustering_PRJ/cotton\train\46-scale_9_im_7_col.png,cotton,131.594375,5.7372505051962825,-0.3603531709896753,-0.5959899550998777,17.0326,0.05167205373601677,0.9741639731319915,0.758842108162592,3.0316257960702497
46-scale_9_im_8_col.png,./Clustering_PRJ/cotton\train\46-scale_9_im_8_col.png,cotton,130.74,2.051487265376025,-0.45880435340743353,0.5296689964499777,17.07115,0.0591917186434686,0.9704041406782657,0.9052257586691527,1.6907984651014114
46-scale_9_im_9_col.png,./Clustering_PRJ/cotton\train\46-scale_9_im_9_col.png,cotton,130.77605,7.090983457708812,-0.0396192919351918,-0.47814502702330586,17.61075,0.12082258023787279,0.9395887098810637,0.6682597348694383,4.0006420221580825
60-scale_1_im_1_col.png,./Clustering_PRJ/cracker\train\60-scale_1_im_1_col.png,cracker,133.13185,24.116086240878722,-0.08317667496265609,0.23716988294872277,14.39575,0.14947453978434888,0.9252778812403726,0.5158111779402167,6.79687813097196
60-scale_1_im_2_col.png,./Clustering_PRJ/cracker\train\60-scale_1_im_2_col.png,cracker,137.725325,29.866549493444587,-0.2448195609862711,0.40636974918493474,14.354775,0.17289007853337035,0.913698896492513,0.46033895959599913,7.769050112968908
60-scale_1_im_3_col.png,./Clustering_PRJ/cracker\train\60-scale_1_im_3_col.png,cracker,136.250475,47.01584612951653,-0.40969411930750443,-0.3275360039397972,14.4789,0.22886795787985154,0.8860731294664277,0.3447999432345953,9.849020397314474
60-scale_1_im_4_col.png,./Clustering_PRJ/cracker\train\60-scale_1_im_4_col.png,cracker,97.94855,39.04139601624794,0.3090592925782674,-0.48569780548005825,14.455675,0.4280779210120958,0.8123226108743541,0.3226699287998492,10.262031184717848
60-scale_1_im_5_col.png,./Clustering_PRJ/cracker\train\60-scale_1_im_5_col.png,cracker,94.315475,46.68582547759411,0.3059526440573262,-0.6760884176536726,15.222075,0.48536883538294484,0.7981453244273392,0.2867202074855954,11.076930384168096
60-scale_1_im_6_col.png,./Clustering_PRJ/cracker\train\60-scale_1_im_6_col.png,cracker,83.308375,49.07092193814352,0.5860767189847175,-0.5817800928564751,14.745175,0.48721399080831296,0.8028107161212505,0.3026488235161608,10.989945394380442
60-scale_1_im_8_col.png,./Clustering_PRJ/cracker\train\60-scale_1_im_8_col.png,cracker,121.0812,28.043255990701223,-0.30059402066385177,-0.03227019988308877,14.48105,0.15078643847377593,0.9246370830282065,0.47679471053822176,7.319473922062934
60-scale_1_im_9_col.png,./Clustering_PRJ/cracker\train\60-scale_1_im_9_col.png,cracker,154.902025,56.953029997528446,-0.3113786781936947,-0.8945783751282264,13.80275,0.22318606222065096,0.889843902300447,0.30937741621641673,10.328384575323621
60-scale_2_im_1_col.png,./Clustering_PRJ/cracker\train\60-scale_2_im_1_col.png,cracker,124.27945,34.925649710456355,-0.16728631559048093,-0.2004429999120445,14.34885,0.3791194666801343,0.8246524456453118,0.3537442835565874,9.669390076617299
60-scale_2_im_2_col.png,./Clustering_PRJ/cracker\train\60-scale_2_im_2_col.png,cracker,114.78115,39.985122291641176,-0.008601539732089462,-0.45381836968782574,14.144925,0.4426378437413198,0.8061390634446246,0.3139325936831795,10.471388838187046
60-scale_2_im_3_col.png,./Clustering_PRJ/cracker\train\60-scale_2_im_3_col.png,cracker,112.498825,52.86244128508799,0.2860297392208708,-0.8134678285039199,13.8123,0.5493207873538546,0.781225519037695,0.2690659014246949,11.67487008595122
60-scale_2_im_4_col.png,./Clustering_PRJ/cracker\train\60-scale_2_im_4_col.png,cracker,116.15855,39.13536587151703,-0.007077383471795609,-0.4750815629206975,14.34365,0.6579086386707407,0.7526188411531725,0.29077828245164805,11.089596280187886
60-scale_2_im_5_col.png,./Clustering_PRJ/cracker\train\60-scale_2_im_5_col.png,cracker,111.66715,51.63576435841247,0.1306602961593497,-0.7690262130761476,14.674975,1.0560563180222722,0.6937861732258892,0.2278712743392346,12.866519931607842
60-scale_2_im_6_col.png,./Clustering_PRJ/cracker\train\60-scale_2_im_6_col.png,cracker,96.99675,55.57927931736341,0.4695483783631489,-0.7596128140977401,14.01245,0.9903075048609882,0.7141731747559981,0.24979181641601156,12.648969179084538
60-scale_2_im_7_col.png,./Clustering_PRJ/cracker\train\60-scale_2_im_7_col.png,cracker,125.759,34.102918042302484,-0.08365002210073008,-0.3232373155074666,14.37995,0.4287153417842983,0.8102669731105103,0.34424611057874266,9.813047076860341
60-scale_2_im_8_col.png,./Clustering_PRJ/cracker\train\60-scale_2_im_8_col.png,cracker,123.942025,28.107010938542984,-0.014279983355153757,-0.07443774761656474,14.4438,0.3828889421984293,0.8265850914341142,0.4009008455481672,8.79869348417146
60-scale_2_im_9_col.png,./Clustering_PRJ/cracker\train\60-scale_2_im_9_col.png,cracker,125.006875,55.395231091984584,0.21035386580969367,-0.8864571637083873,14.0243,0.6454404560490896,0.7657811890519697,0.2514126378509123,12.125708210619727
60-scale_3_im_1_col.png,./Clustering_PRJ/cracker\train\60-scale_3_im_1_col.png,cracker,124.053575,38.90422605218326,0.029929597283390827,-0.2982204899361687,14.452825,1.1005721762076717,0.6732754992210468,0.26237242571448405,11.965882607233828
60-scale_3_im_2_col.png,./Clustering_PRJ/cracker\train\60-scale_3_im_2_col.png,cracker,118.9067,42.63544646312503,-0.0014397837824303014,-0.4548992654971382,14.307575,1.2672493118860637,0.656957071876041,0.2428207758097154,12.529946883093386
60-scale_3_im_3_col.png,./Clustering_PRJ/cracker\train\60-scale_3_im_3_col.png,cracker,105.387225,58.80895919670212,0.5638902147067971,-0.6660518130602004,13.86065,1.6349707393752684,0.6484375004105323,0.23137901290252488,13.54791452281713
60-scale_3_im_4_col.png,./Clustering_PRJ/cracker\train\60-scale_3_im_4_col.png,cracker,126.30095,44.401252562258875,0.0355012032658777,-0.5186601727278508,14.5986,1.2191317454104695,0.6641369167516139,0.2377876633874026,12.62131504255559
60-scale_3_im_5_col.png,./Clustering_PRJ/cracker\train\60-scale_3_im_5_col.png,cracker,116.57405,57.376256557895964,0.22805128377166234,-0.7996713065121974,14.552975,1.6387461175222846,0.6393623729803729,0.20308246224598386,13.867192654423576
60-scale_3_im_6_col.png,./Clustering_PRJ/cracker\train\60-scale_3_im_6_col.png,cracker,102.941275,58.426174582753355,0.5716209045999503,-0.6514222821087712,13.866875,1.5678196257670254,0.6586893807224553,0.23848839743353245,13.414489839828367
60-scale_3_im_7_col.png,./Clustering_PRJ/cracker\train\60-scale_3_im_7_col.png,cracker,130.65965,39.175367412157094,-0.03476225080774098,-0.34150732699600006,14.6208,1.0074226345294308,0.687140807738755,0.2654237448865356,11.840063425348077
60-scale_3_im_8_col.png,./Clustering_PRJ/cracker\train\60-scale_3_im_8_col.png,cracker,122.167075,34.776127745112376,-0.060474778714554644,-0.24077899211090736,14.371375,0.973619416176359,0.6939990575374524,0.2901360496729079,11.235168233642433
60-scale_3_im_9_col.png,./Clustering_PRJ/cracker\train\60-scale_3_im_9_col.png,cracker,112.723875,59.756469356751445,0.4512803974558917,-0.8298361912860144,14.1005,1.657710537612687,0.6426405640991901,0.221336730568313,13.685588071800915
60-scale_4_im_2_col.png,./Clustering_PRJ/cracker\train\60-scale_4_im_2_col.png,cracker,122.003425,44.18385919393388,-0.014948362965960712,-0.5233254104684728,14.44765,1.3142587308401303,0.6522766541139019,0.2355616038499566,12.724985401474344
60-scale_4_im_3_col.png,./Clustering_PRJ/cracker\train\60-scale_4_im_3_col.png,cracker,105.91925,57.18607023950413,0.3991870023948493,-0.791705526931866,14.0232,1.6347636107674048,0.6388486052514253,0.2173828234085973,13.67667473123442
60-scale_4_im_4_col.png,./Clustering_PRJ/cracker\train\60-scale_4_im_4_col.png,cracker,127.218375,39.60643807967809,0.035797341349353036,-0.3316363779822882,14.589475,1.1683755145072094,0.664032418322396,0.2568768804959344,12.122622941291077
60-scale_4_im_5_col.png,./Clustering_PRJ/cracker\train\60-scale_4_im_5_col.png,cracker,116.6507,52.819637347391925,0.16258252450272842,-0.7111088039736679,14.551725,1.6892132458776294,0.624221583061075,0.20551170465398783,13.731004413121905
60-scale_4_im_6_col.png,./Clustering_PRJ/cracker\train\60-scale_4_im_6_col.png,cracker,103.3127,58.739060417323664,0.47064633532411504,-0.7693036113895277,14.13745,1.7656838526804877,0.6328958146269437,0.21879827589692366,13.778099624457266
60-scale_4_im_7_col.png,./Clustering_PRJ/cracker\train\60-scale_4_im_7_col.png,cracker,132.045275,39.9571698844447,-0.03990684412718407,-0.31672107990740095,14.672525,1.1361985808439183,0.6700477524620306,0.2571012635430617,12.130546872622194
60-scale_4_im_8_col.png,./Clustering_PRJ/cracker\train\60-scale_4_im_8_col.png,cracker,119.88405,34.0545937517613,0.020125022405108647,-0.17655643744547111,14.513225,0.9984107093255221,0.6906323242320932,0.2930512361274944,11.184445034336155
60-scale_4_im_9_col.png,./Clustering_PRJ/cracker\train\60-scale_4_im_9_col.png,cracker,113.105275,59.741603947118584,0.29885499566557455,-0.9103365907047638,14.301375,1.6704393512790077,0.6344495764846643,0.205459887351097,13.91733665381446
60-scale_5_im_1_col.png,./Clustering_PRJ/cracker\train\60-scale_5_im_1_col.png,cracker,126.14995,33.739292597763516,0.12408342144618387,-0.07919870212887714,14.699025,1.0262998409131083,0.6825214154844442,0.29365776062187154,11.199099411176329
60-scale_5_im_2_col.png,./Clustering_PRJ/cracker\train\60-scale_5_im_2_col.png,cracker,121.4304,38.01382519347402,0.051442063658999566,-0.24141149409799478,14.40875,1.2319510239640414,0.656598701856417,0.2627004625245612,11.99705181078012
60-scale_5_im_3_col.png,./Clustering_PRJ/cracker\train\60-scale_5_im_3_col.png,cracker,108.963,54.92469645796871,0.33302319877952596,-0.7900786146701355,14.3118,1.6580518168733112,0.6309730813979757,0.21456335072780178,13.65135585575188
60-scale_5_im_4_col.png,./Clustering_PRJ/cracker\train\60-scale_5_im_4_col.png,cracker,121.21035,37.22049170655191,0.10373360721121155,-0.22890192032904588,14.693075,1.1334294588520493,0.6676320675418849,0.26864898824569006,11.79760918277649
60-scale_5_im_5_col.png,./Clustering_PRJ/cracker\train\60-scale_5_im_5_col.png,cracker,116.947275,51.170432332298844,0.1074722496494893,-0.6523542993399571,14.548975,1.7944498876291004,0.609430237304714,0.20380814024556848,13.767614626870305
60-scale_5_im_6_col.png,./Clustering_PRJ/cracker\train\60-scale_5_im_6_col.png,cracker,107.16335,58.29452947556486,0.4337131974187226,-0.7826020087364309,14.072425,1.8911237089972472,0.618082650508592,0.21270318170188962,13.923991945491816
60-scale_5_im_7_col.png,./Clustering_PRJ/cracker\train\60-scale_5_im_7_col.png,cracker,123.2038,36.381722960299726,0.07001698329386807,-0.19888872436599536,14.756075,1.067495549354814,0.6773930096233685,0.2767331777853114,11.61033195346495
60-scale_5_im_8_col.png,./Clustering_PRJ/cracker\train\60-scale_5_im_8_col.png,cracker,120.4368,32.11274366602767,0.05283872439200624,0.027882203628180502,14.452125,0.9855501123709003,0.6908853823678526,0.30829181735790173,10.893507904021877
60-scale_5_im_9_col.png,./Clustering_PRJ/cracker\train\60-scale_5_im_9_col.png,cracker,108.520475,57.13824971745613,0.3529116562179178,-0.8248392672777847,14.38085,1.7407628595237492,0.6272397054961013,0.21081926089452285,13.82939954270125
60-scale_6_im_1_col.png,./Clustering_PRJ/cracker\train\60-scale_6_im_1_col.png,cracker,120.04975,31.426475700235624,0.16043182794057295,0.07210509034403234,14.43315,0.911513187798288,0.6978829640560797,0.3147120545244614,10.709493468477243
60-scale_6_im_2_col.png,./Clustering_PRJ/cracker\train\60-scale_6_im_2_col.png,cracker,122.593075,36.58023492330763,0.008269703742322889,-0.09287979376750188,14.517225,1.181049626272064,0.6618425814880682,0.27368636471789165,11.764923177040941
60-scale_6_im_3_col.png,./Clustering_PRJ/cracker\train\60-scale_6_im_3_col.png,cracker,107.190825,57.11606832424108,0.35506772908635004,-0.8195080797772967,14.139125,1.8268508371000731,0.6184487814160758,0.21082770295321057,13.871959395054859
60-scale_6_im_4_col.png,./Clustering_PRJ/cracker\train\60-scale_6_im_4_col.png,cracker,119.816975,35.12081614725624,0.0920926186695517,-0.12248893800631278,14.516325,1.0320169945203403,0.6794761204553887,0.28371075165654513,11.397525189881495
60-scale_6_im_5_col.png,./Clustering_PRJ/cracker\train\60-scale_6_im_5_col.png,cracker,112.57035,50.747432948647756,0.10650052716476231,-0.6927975926442311,14.309025,1.6781373892073437,0.6182715941480345,0.2072900791331138,13.60202508425953
60-scale_6_im_6_col.png,./Clustering_PRJ/cracker\train\60-scale_6_im_6_col.png,cracker,107.125575,57.97665181708388,0.34559475083117924,-0.8603627707766375,14.18435,1.6953300737355117,0.6282379266427538,0.21059571006971636,13.807495911551383
60-scale_6_im_7_col.png,./Clustering_PRJ/cracker\train\60-scale_6_im_7_col.png,cracker,126.4345,33.34851735459914,0.1278001044012846,0.03276225491462137,14.655725,0.9839697861165124,0.6881243162986587,0.29853733943084043,11.097251721078294
60-scale_6_im_8_col.png,./Clustering_PRJ/cracker\train\60-scale_6_im_8_col.png,cracker,123.71545,31.943214949304963,0.03137250671733214,0.2093452690250457,14.47575,1.0130669995707178,0.6887700762052524,0.3117063334265202,10.88881815534365
60-scale_6_im_9_col.png,./Clustering_PRJ/cracker\train\60-scale_6_im_9_col.png,cracker,110.474625,57.43211432734629,0.28390079820538316,-0.8663742461402624,14.499275,1.8078064000909064,0.6180967770017946,0.20619001547921811,13.928387491941095
60-scale_7_im_1_col.png,./Clustering_PRJ/cracker\train\60-scale_7_im_1_col.png,cracker,125.03452469595433,29.0773555027227,0.22253329130960453,0.16629325389644478,14.53621245966741,0.8253251639359502,0.7126784605436494,0.3367956397454151,10.190172020239103
60-scale_7_im_2_col.png,./Clustering_PRJ/cracker\train\60-scale_7_im_2_col.png,cracker,121.86858735134597,36.7643760064752,-0.03932346107439668,-0.11818626741250648,14.330671244464348,1.1325618691667605,0.6679447776191086,0.27488506524336626,11.710281384810042
60-scale_7_im_3_col.png,./Clustering_PRJ/cracker\train\60-scale_7_im_3_col.png,cracker,107.25697767145135,55.81705082709574,0.29620552154232177,-0.8334819734720269,13.991502192982455,1.6412580372135785,0.6297789216107608,0.21101480040588533,13.704707890671365
60-scale_7_im_4_col.png,./Clustering_PRJ/cracker\train\60-scale_7_im_4_col.png,cracker,123.92997476122136,33.29394476134395,0.07129469190551461,-0.04183242674014753,14.73707131192161,0.9423411454568247,0.6930692954791002,0.30101469183487306,11.010850743107913
60-scale_7_im_5_col.png,./Clustering_PRJ/cracker\train\60-scale_7_im_5_col.png,cracker,113.70438353453395,47.16010060041585,0.0568629726774326,-0.5532598423743611,14.445601622798337,1.6700014813549182,0.6138206286826134,0.21557510207717537,13.359221019763417
60-scale_7_im_6_col.png,./Clustering_PRJ/cracker\train\60-scale_7_im_6_col.png,cracker,109.02797986844728,57.68245475420746,0.3454012354215967,-0.842962155095377,14.31831771975284,1.753062705289632,0.6212936242366844,0.2090306808388889,13.86710805557976
60-scale_7_im_7_col.png,./Clustering_PRJ/cracker\train\60-scale_7_im_7_col.png,cracker,125.00357589397349,32.24793938556125,0.16247387052334705,0.08627920579585346,14.55543885971493,0.9247240422128769,0.6965907517966353,0.3097090651394444,10.832477705714442
60-scale_7_im_9_col.png,./Clustering_PRJ/cracker\train\60-scale_7_im_9_col.png,cracker,114.03761833582462,55.935174325855094,0.22266957138982052,-0.851855365942074,14.096860986547085,1.7958508822598684,0.6120692997237176,0.20398037053532042,13.90436324825437
60-scale_8_im_1_col.png,./Clustering_PRJ/cracker\train\60-scale_8_im_1_col.png,cracker,127.56116766834295,26.91959158946379,0.31262235407190647,0.3345646817362722,14.919146326505581,0.8146986576164285,0.7153559075235147,0.35594035455312056,9.77771947925794
60-scale_8_im_2_col.png,./Clustering_PRJ/cracker\train\60-scale_8_im_2_col.png,cracker,117.67733437408528,31.78574351124264,0.034468026845014585,0.10230380216133295,14.63974534100888,1.0331451415843307,0.6806200841014496,0.30735578674246583,10.907628180174271
60-scale_8_im_3_col.png,./Clustering_PRJ/cracker\train\60-scale_8_im_3_col.png,cracker,116.77790017380235,54.608851861486244,0.2811638775614374,-0.776750057560637,14.56532275831681,1.9459792391906698,0.5963694986173184,0.20022430304485944,13.983700115764872
60-scale_8_im_4_col.png,./Clustering_PRJ/cracker\train\60-scale_8_im_4_col.png,cracker,121.63073630136986,35.166926259484946,0.034820041533572786,-0.081876483982386,14.901198630136987,1.1092569330662516,0.6661471721430329,0.2804198204009178,11.516757479996782
60-scale_8_im_5_col.png,./Clustering_PRJ/cracker\train\60-scale_8_im_5_col.png,cracker,116.08698248407643,45.909218698225466,0.031125487376326928,-0.4642355740772728,14.673424704276615,1.6466114459919083,0.6118172144038656,0.21956817007509893,13.257503392922201
60-scale_8_im_6_col.png,./Clustering_PRJ/cracker\train\60-scale_8_im_6_col.png,cracker,114.84682452276064,53.43155306576465,0.23857538827430264,-0.7673077553404224,14.774229074889869,1.7852596651455617,0.6069643536334354,0.2033008357558424,13.82038045071906
60-scale_8_im_7_col.png,./Clustering_PRJ/cracker\train\60-scale_8_im_7_col.png,cracker,130.52993117776913,32.69231762338919,0.2090428638051164,0.1894936256824078,14.896143358005453,1.0247746548237762,0.6809928241525549,0.30287299140381985,11.043507826529545
60-scale_8_im_8_col.png,./Clustering_PRJ/cracker\train\60-scale_8_im_8_col.png,cracker,124.99199793495096,28.391019943043506,0.07323976677973704,0.39351248964422014,14.732679401135776,0.9222686257314636,0.6990683898435017,0.3401849020692382,10.194828239814635
60-scale_8_im_9_col.png,./Clustering_PRJ/cracker\train\60-scale_8_im_9_col.png,cracker,115.08961401999785,52.951438953943736,0.23345947161431047,-0.7674054924167057,14.63885603698527,1.737897482579931,0.6135882324337041,0.20738137346303437,13.70772385768214
60-scale_9_im_1_col.png,./Clustering_PRJ/cracker\train\60-scale_9_im_1_col.png,cracker,125.30140714190894,30.983175153361387,0.06261936520946898,0.21487551256576332,14.765996283021373,0.9630904703084342,0.6882247128538673,0.3158405698825551,10.705727613417778
60-scale_9_im_2_col.png,./Clustering_PRJ/cracker\train\60-scale_9_im_2_col.png,cracker,120.35073675956481,32.27650323664097,-0.014327999359987399,0.10614529553400542,14.619335446139772,1.0657938690949416,0.6754771504596648,0.30267487600011567,11.025511891482893
60-scale_9_im_3_col.png,./Clustering_PRJ/cracker\train\60-scale_9_im_3_col.png,cracker,115.74719792678977,53.08192052029691,0.22906336249399117,-0.7558813443126313,14.481924198250729,1.8333797739860973,0.602638087967223,0.20494395278666705,13.798233960294723
60-scale_9_im_4_col.png,./Clustering_PRJ/cracker\train\60-scale_9_im_4_col.png,cracker,119.43378351138884,37.765265773037825,-0.014548494506582738,-0.17218694817720737,14.654545454545454,1.215424372194621,0.6513464112137253,0.26234724952612243,11.978942636351551
60-scale_9_im_5_col.png,./Clustering_PRJ/cracker\train\60-scale_9_im_5_col.png,cracker,121.93751051303616,42.146553923133006,-0.0456557235030606,-0.2578079716370181,14.846299411269975,1.4973071964734996,0.6218321918150298,0.2369917032616812,12.76951467060342
60-scale_9_im_6_col.png,./Clustering_PRJ/cracker\train\60-scale_9_im_6_col.png,cracker,117.86287360160294,49.49459482109614,0.10540555012954896,-0.6680968671979755,14.636583736850893,1.7138325271743395,0.6072296773555232,0.2088984331670892,13.565140795804062
60-scale_9_im_7_col.png,./Clustering_PRJ/cracker\train\60-scale_9_im_7_col.png,cracker,127.45377558221595,33.45875100120725,0.12362472728374932,0.15413363334687213,14.700317572335921,1.0536675497385286,0.6747153202959134,0.29507487662027354,11.21408216511708
60-scale_9_im_8_col.png,./Clustering_PRJ/cracker\train\60-scale_9_im_8_col.png,cracker,124.13170946765128,27.32590038729075,0.07701500462041214,0.4925149912715798,14.746574084279363,0.9008124693021242,0.7046909102564431,0.35289573225652904,9.954861395941059
60-scale_9_im_9_col.png,./Clustering_PRJ/cracker\train\60-scale_9_im_9_col.png,cracker,118.38931548924967,48.918705849547095,0.1214592744047973,-0.6479846800319291,14.540734240163815,1.6220150709168593,0.6169906147724304,0.21431934389994173,13.382325639385868
44-scale_1_im_1_col.png,./Clustering_PRJ/linen\train\44-scale_1_im_1_col.png,linen,139.477925,17.709319938788585,-0.19815727198179828,-0.283483928408081,19.83675,0.17065358198025304,0.9146807845761471,0.5870747157532622,5.7590399710276365
44-scale_1_im_2_col.png,./Clustering_PRJ/linen\train\44-scale_1_im_2_col.png,linen,130.9355,15.939825587188839,-0.30797494101301043,0.031159962704734756,19.74245,0.1826615173859246,0.9086768168733114,0.5870568011780173,5.527578439989851
44-scale_1_im_4_col.png,./Clustering_PRJ/linen\train\44-scale_1_im_4_col.png,linen,121.30795,28.079192773252938,0.3836565373900936,-0.2862861885453012,19.70685,0.4597584341304511,0.792056251736067,0.3767459674507824,9.066788999063638
44-scale_1_im_5_col.png,./Clustering_PRJ/linen\train\44-scale_1_im_5_col.png,linen,112.4704,28.790966010886123,0.24488142024142917,-0.42783820823422003,19.881025,0.5516916555137497,0.7678399229000459,0.3546753116978652,9.451725467213734
44-scale_1_im_6_col.png,./Clustering_PRJ/linen\train\44-scale_1_im_6_col.png,linen,126.506125,33.3268489732284,0.47352188035808795,0.10038802772309507,19.86765,0.5989097181889347,0.7622333777878909,0.3361274005105289,10.164397546851612
44-scale_1_im_8_col.png,./Clustering_PRJ/linen\train\44-scale_1_im_8_col.png,linen,150.047275,13.890399205003973,-0.18843042240916005,0.3213225191803484,20.05425,0.14668477437438446,0.9266803395116284,0.6626710009790496,4.805474538668744
44-scale_1_im_9_col.png,./Clustering_PRJ/linen\train\44-scale_1_im_9_col.png,linen,155.41105,21.452131313636414,-0.13680815394893528,-0.23199085290481314,20.2178,0.21812952955733442,0.8913515504658973,0.499750741489386,6.874144643635651
44-scale_2_im_1_col.png,./Clustering_PRJ/linen\train\44-scale_2_im_1_col.png,linen,134.333025,28.122983827278624,0.0613561557964382,-0.5823018048224347,19.84175,0.5324476023332745,0.76669498876291,0.3522227129025099,9.338754647940283
44-scale_2_im_2_col.png,./Clustering_PRJ/linen\train\44-scale_2_im_2_col.png,linen,127.088875,29.07448496937435,0.045746428346596,-0.4286343234246628,20.073325,0.6431947425570061,0.7370135728895733,0.3358770744972379,9.754760410954162
44-scale_2_im_3_col.png,./Clustering_PRJ/linen\train\44-scale_2_im_3_col.png,linen,136.902075,41.71166006879102,0.2717703368997062,-0.5494928636009626,20.271125,0.9511016135956163,0.6856162082725414,0.26050691055082603,11.812659521603777
44-scale_2_im_4_col.png,./Clustering_PRJ/linen\train\44-scale_2_im_4_col.png,linen,114.05255,36.17445076981128,0.5139960733290284,-0.1502673173147855,19.51295,1.0505371707785156,0.6690322278929148,0.28365342334879073,11.378186879625478
44-scale_2_im_5_col.png,./Clustering_PRJ/linen\train\44-scale_2_im_5_col.png,linen,117.3897,40.030536268079146,0.38006905808696073,-0.2863269459128306,19.9915,1.4351534999116191,0.6283741536703419,0.25277452736375716,12.23852385173214
44-scale_2_im_6_col.png,./Clustering_PRJ/linen\train\44-scale_2_im_6_col.png,linen,119.105525,43.72054596496223,0.5957812485197892,0.09643708150766495,19.6226,1.4086048963410018,0.6422218836691709,0.2532179709038942,12.538569076087153
44-scale_2_im_7_col.png,./Clustering_PRJ/linen\train\44-scale_2_im_7_col.png,linen,143.949225,28.985124579676643,0.2523652086707903,-0.25158396106520176,20.148425,0.6406183871619402,0.7438264506466707,0.3430829535930966,9.747248209239508
44-scale_2_im_8_col.png,./Clustering_PRJ/linen\train\44-scale_2_im_8_col.png,linen,130.563575,27.657962835671306,-0.04332495447304121,-0.45164274130376425,19.952825,0.6181039935860206,0.7424778182591945,0.34503227783377094,9.509305746217196
44-scale_2_im_9_col.png,./Clustering_PRJ/linen\train\44-scale_2_im_9_col.png,linen,138.5005,38.741926897742196,0.2155291307845123,-0.3119943832181642,20.06295,0.9464785295825862,0.6861047286473294,0.27072325895888016,11.616591333369312
44-scale_3_im_1_col.png,./Clustering_PRJ/linen\train\44-scale_3_im_1_col.png,linen,142.090425,36.13137138719446,0.21373818671406578,-0.47891868859738196,20.32235,1.2038780586348827,0.6401325510999367,0.26410533353388904,11.665151743090394
44-scale_3_im_2_col.png,./Clustering_PRJ/linen\train\44-scale_3_im_2_col.png,linen,117.946675,36.006160326316035,0.19584143238641222,-0.4807395683323201,20.129075,1.3755656738466207,0.6201089307442418,0.2591552241816638,11.79057153539572
44-scale_3_im_3_col.png,./Clustering_PRJ/linen\train\44-scale_3_im_3_col.png,linen,132.1376,52.21452160309428,0.3341293901296457,-0.6187576357869049,20.51045,2.188145532941087,0.5709685692651231,0.2016077797403858,13.905876144237503
44-scale_3_im_4_col.png,./Clustering_PRJ/linen\train\44-scale_3_im_4_col.png,linen,140.07375,36.253219318255034,0.2648725825596465,-0.3760639944671085,20.2955,1.2453569354309235,0.6340364937765525,0.26377347361072656,11.74517901848223
44-scale_3_im_5_col.png,./Clustering_PRJ/linen\train\44-scale_3_im_5_col.png,linen,122.18075,44.97415012468274,0.40173404000025753,-0.34918191468769955,20.202225,2.199195695815762,0.5620201544978393,0.22199586725942339,13.241256912583056
44-scale_3_im_6_col.png,./Clustering_PRJ/linen\train\44-scale_3_im_6_col.png,linen,131.55385,49.3192361069948,0.46072300497893004,-0.35929417980522027,20.2631,1.9256103381227747,0.5916882933123135,0.217840496915729,13.491348824595782
44-scale_3_im_7_col.png,./Clustering_PRJ/linen\train\44-scale_3_im_7_col.png,linen,127.31355,34.59389449595839,0.3861493243442786,-0.19114600496263678,19.792175,1.257129554809222,0.6385379507019167,0.27652047542312375,11.467830391328864
44-scale_3_im_8_col.png,./Clustering_PRJ/linen\train\44-scale_3_im_8_col.png,linen,138.04675,32.953129053816724,0.08319342478736241,-0.4082145773020063,19.9094,1.1560584644327163,0.641176100251022,0.2791370214717099,11.207387390037608
44-scale_3_im_9_col.png,./Clustering_PRJ/linen\train\44-scale_3_im_9_col.png,linen,134.416075,46.409422605699106,0.2698993053371915,-0.3990203366517342,20.1349,1.9164985101386325,0.5768819923142976,0.21381324505589477,13.43548831554876
44-scale_4_im_1_col.png,./Clustering_PRJ/linen\train\44-scale_4_im_1_col.png,linen,159.0729,36.343069292369904,0.1754793227107195,-0.5499589140090917,20.447375,1.4425732304739778,0.6017575745379162,0.2521917677125297,11.894592722326706
44-scale_4_im_2_col.png,./Clustering_PRJ/linen\train\44-scale_4_im_2_col.png,linen,123.17675,37.08604669464649,0.12371137599199324,-0.516091084476284,20.22915,1.741482980227772,0.573170666053385,0.24299326390120177,12.22471826982865
44-scale_4_im_3_col.png,./Clustering_PRJ/linen\train\44-scale_4_im_3_col.png,linen,141.916,51.72162501314127,0.24938677060907666,-0.7153231568900638,21.141475,2.545475713997121,0.5391947040325913,0.19328079233808915,14.052711912723964
44-scale_4_im_4_col.png,./Clustering_PRJ/linen\train\44-scale_4_im_4_col.png,linen,136.27795,35.477598478441294,0.2378404188761822,-0.41785756632571447,20.11145,1.4181379258099545,0.6053959429700401,0.2580562807716028,11.827573960830975
44-scale_4_im_5_col.png,./Clustering_PRJ/linen\train\44-scale_4_im_5_col.png,linen,115.162125,44.42714418555817,0.40747181509311087,-0.3846656901058445,20.008825,2.5142938940935826,0.5380329746885387,0.21915239135095377,13.288646103306228
44-scale_4_im_6_col.png,./Clustering_PRJ/linen\train\44-scale_4_im_6_col.png,linen,140.479,49.75038652111157,0.383242972932152,-0.5255206563820378,20.78145,2.326899383853944,0.5514717737203155,0.2058470052777266,13.753084993686446
44-scale_4_im_7_col.png,./Clustering_PRJ/linen\train\44-scale_4_im_7_col.png,linen,140.9688,34.913277940634565,0.31878729913966,-0.3160502150201636,19.954075,1.4976049531577484,0.6039206164270331,0.26414707998956066,11.736208732397843
44-scale_4_im_8_col.png,./Clustering_PRJ/linen\train\44-scale_4_im_8_col.png,linen,144.905875,33.387014923235874,0.07542891002851551,-0.454613434963397,20.0856,1.3835576437463706,0.606028534847205,0.26691311570009957,11.480141752342263
44-scale_4_im_9_col.png,./Clustering_PRJ/linen\train\44-scale_4_im_9_col.png,linen,139.00305,46.46590890854821,0.23451717103117717,-0.5018923263931283,20.1905,2.335979741673191,0.5435474742747515,0.20484340910085602,13.66958262406203
44-scale_5_im_1_col.png,./Clustering_PRJ/linen\train\44-scale_5_im_1_col.png,linen,144.794,34.84395304783887,0.0974777114551851,-0.5098695264305211,20.4258,1.5452324120603014,0.5847334252065943,0.25526579640221325,11.800729381227189
44-scale_5_im_2_col.png,./Clustering_PRJ/linen\train\44-scale_5_im_2_col.png,linen,135.875875,35.47682860663245,0.017973490747011572,-0.48745677300868095,20.00365,1.8552648291709803,0.5502877853919186,0.24687965295697722,12.053720464483519
44-scale_5_im_4_col.png,./Clustering_PRJ/linen\train\44-scale_5_im_4_col.png,linen,146.920575,30.932257704043767,0.09223257925249531,-0.39595267716953986,20.2174,1.1669519709098255,0.6292762801592948,0.2880980954604316,10.935406607028362
44-scale_5_im_5_col.png,./Clustering_PRJ/linen\train\44-scale_5_im_5_col.png,linen,133.07655,44.91972272952606,0.35058589114294103,-0.424109764717957,20.7628,2.886590427009418,0.5041434965800183,0.2108254292594613,13.48563392556292
44-scale_5_im_6_col.png,./Clustering_PRJ/linen\train\44-scale_5_im_6_col.png,linen,136.0386,49.30184083824863,0.3995405886446712,-0.5465925336865234,20.93085,2.6519678795990003,0.5177688610500357,0.19873235922295523,13.941830271786984
44-scale_5_im_7_col.png,./Clustering_PRJ/linen\train\44-scale_5_im_7_col.png,linen,146.856775,34.01379590106601,0.310453240689717,-0.3359270461968178,19.6926,1.6504030516906139,0.5760019237567818,0.2628682724641597,11.676240752901512
44-scale_5_im_8_col.png,./Clustering_PRJ/linen\train\44-scale_5_im_8_col.png,linen,148.728975,32.68670556127331,0.06497383347643906,-0.45728000362675303,19.7145,1.5562531249210885,0.5807158783297784,0.26604117368828517,11.471947954131593
44-scale_5_im_9_col.png,./Clustering_PRJ/linen\train\44-scale_5_im_9_col.png,linen,133.629525,43.95243250690881,0.24830646151482522,-0.47375544873719555,19.893075,2.4460845054417812,0.5257508899491518,0.20945436250268096,13.468098624928707
44-scale_6_im_1_col.png,./Clustering_PRJ/linen\train\44-scale_6_im_1_col.png,linen,154.54865,33.376241297927784,-0.03512229976121869,-0.5099344263605836,20.064,1.6278815244564528,0.573312433420999,0.2630192041105243,11.56058880114261
44-scale_6_im_2_col.png,./Clustering_PRJ/linen\train\44-scale_6_im_2_col.png,linen,139.330825,32.85709253447991,-0.09821217683483469,-0.33366105645286215,19.8769,1.8353104088280596,0.5516869098712698,0.26389581532475154,11.630487307427243
44-scale_6_im_3_col.png,./Clustering_PRJ/linen\train\44-scale_6_im_3_col.png,linen,136.81105,46.140856059435,0.12603662407780072,-0.6700419003100846,20.4385,2.7765251824448876,0.5005502151205585,0.19772528824392943,13.779606216501659
44-scale_6_im_4_col.png,./Clustering_PRJ/linen\train\44-scale_6_im_4_col.png,linen,159.12325,32.98616011962441,0.13174643685023632,-0.3876130679241232,19.858525,1.4869815787480112,0.5863898236435594,0.2687000274216198,11.497556912429996
44-scale_6_im_5_col.png,./Clustering_PRJ/linen\train\44-scale_6_im_5_col.png,linen,146.1315,35.37722724790624,0.2272257706899486,-0.3285254253775092,20.277025,1.894417060175248,0.5574489214579736,0.2536630780405804,11.992595599394205
44-scale_6_im_6_col.png,./Clustering_PRJ/linen\train\44-scale_6_im_6_col.png,linen,138.6316,43.73644740305275,0.4008297003369419,-0.4700381345700859,20.371175,2.3001302050453276,0.5298573178853062,0.21650594228935985,13.225506235761742
44-scale_6_im_7_col.png,./Clustering_PRJ/linen\train\44-scale_6_im_7_col.png,linen,142.79825,32.669761201109196,0.25991622312546997,-0.3227688908049742,19.559775,1.7013843716067774,0.565902631092432,0.2682756927917807,11.493488882626064
44-scale_6_im_8_col.png,./Clustering_PRJ/linen\train\44-scale_6_im_8_col.png,linen,150.67055,31.217491294104654,-0.06671821645574082,-0.36206987399801616,19.756075,1.6165390709830556,0.5755099869072959,0.27774534575975296,11.219229118856962
44-scale_6_im_9_col.png,./Clustering_PRJ/linen\train\44-scale_6_im_9_col.png,linen,139.23335,43.279094812362935,0.13356695236478652,-0.5292273287384983,19.892475,2.6901390116411203,0.5039486281645718,0.2071958483044688,13.46471949520817
44-scale_7_im_1_col.png,./Clustering_PRJ/linen\train\44-scale_7_im_1_col.png,linen,159.9249,28.354770497925035,-0.13937868602091924,-0.36597748421499654,19.537975,1.327310926491755,0.6087527852774866,0.3080231647326051,10.401203590494056
44-scale_7_im_2_col.png,./Clustering_PRJ/linen\train\44-scale_7_im_2_col.png,linen,152.64115,28.68842931701734,-0.1910996689584336,-0.08157416507207449,19.587875,1.4916625527133156,0.587346987001334,0.3017027317343601,10.679759561127412
44-scale_7_im_3_col.png,./Clustering_PRJ/linen\train\44-scale_7_im_3_col.png,linen,144.1159,38.85588844937148,0.09483800253638404,-0.5783174905973238,19.8378,2.1736717507133654,0.5341398865092408,0.2297609682644857,12.600902348255152
44-scale_7_im_4_col.png,./Clustering_PRJ/linen\train\44-scale_7_im_4_col.png,linen,151.5568,29.244054502753205,0.009007804450363128,-0.22278655830241778,19.66535,1.431482569884599,0.5913917189776847,0.2944085736515032,10.847794960708313
44-scale_7_im_5_col.png,./Clustering_PRJ/linen\train\44-scale_7_im_5_col.png,linen,122.864175,33.485433050348554,0.15854110888255032,-0.26663846538369196,20.08095,1.9132408588166963,0.5561470120189844,0.2635528811709079,11.72651146192285
44-scale_7_im_6_col.png,./Clustering_PRJ/linen\train\44-scale_7_im_6_col.png,linen,141.958925,41.28904682654197,0.3877200350180727,-0.42992692338659877,20.13025,2.452489520466655,0.5096825642088689,0.21972047094988095,13.058080467965905
44-scale_7_im_7_col.png,./Clustering_PRJ/linen\train\44-scale_7_im_7_col.png,linen,160.3716,28.775517605075326,0.1610399622246019,-0.28596713831692266,19.491675,1.485782776950077,0.5855365975406718,0.2964431175658463,10.708490169084254
44-scale_7_im_8_col.png,./Clustering_PRJ/linen\train\44-scale_7_im_8_col.png,linen,170.76875,28.816398516079346,-0.12239113127893776,-0.28766298680709346,19.7025,1.5126415683947378,0.5892839002726684,0.30277975323993916,10.562371387663744
44-scale_7_im_9_col.png,./Clustering_PRJ/linen\train\44-scale_7_im_9_col.png,linen,143.99845,35.94783926187358,0.045860552634359036,-0.4872160870612299,19.79835,2.0522242493876415,0.5434237521794576,0.24574308169420575,12.130029819288884
44-scale_8_im_1_col.png,./Clustering_PRJ/linen\train\44-scale_8_im_1_col.png,linen,163.453625,27.51714827810787,-0.19596203596588072,-0.30284007070035734,19.5581,1.3687830484078687,0.6066885293072151,0.3156876772491618,10.259730514312306
44-scale_8_im_2_col.png,./Clustering_PRJ/linen\train\44-scale_8_im_2_col.png,linen,156.985775,27.07644128480283,-0.2655363410879867,0.11347842891656823,19.6051,1.4038558685386735,0.6012789858104959,0.31922435740753785,10.313127625653104
44-scale_8_im_3_col.png,./Clustering_PRJ/linen\train\44-scale_8_im_3_col.png,linen,152.957125,36.93242121408201,0.050844131940359485,-0.4872623368843554,20.1432,2.1928293793086038,0.5358304073714827,0.24005238712286903,12.321012800907122
44-scale_8_im_4_col.png,./Clustering_PRJ/linen\train\44-scale_8_im_4_col.png,linen,168.194375,30.19835828914173,0.16718866983098707,-0.22199776986650477,19.58915,1.6498807163960507,0.5671530617885123,0.283445923140897,11.095446890127581
44-scale_8_im_5_col.png,./Clustering_PRJ/linen\train\44-scale_8_im_5_col.png,linen,141.469875,32.394113546821664,0.08333344648686852,-0.14701296971011635,20.880225,1.9058585641776729,0.5511334776051874,0.26922239993832836,11.59178240489349
44-scale_8_im_6_col.png,./Clustering_PRJ/linen\train\44-scale_8_im_6_col.png,linen,148.6454,37.01205558787569,0.4189718930998611,-0.2847109219643187,20.035825,2.2500025251887577,0.5219269334949866,0.24218160363511165,12.341183811159002
44-scale_8_im_7_col.png,./Clustering_PRJ/linen\train\44-scale_8_im_7_col.png,linen,170.260875,27.469011981401426,0.16120442777970218,-0.23296108635108448,19.498175,1.4874273061286334,0.5887772308328747,0.30923334957349413,10.432723555082145
44-scale_8_im_8_col.png,./Clustering_PRJ/linen\train\44-scale_8_im_8_col.png,linen,163.711475,24.25173969686247,-0.11375734939210334,0.006986900271507945,19.256575,1.2459673366834174,0.6254769259734632,0.354978337975236,9.443797209685773
44-scale_8_im_9_col.png,./Clustering_PRJ/linen\train\44-scale_8_im_9_col.png,linen,149.419225,31.98228455566261,0.03727319159317617,-0.2929394516799291,19.8253,1.8148903752430496,0.5704770843802647,0.275472248458079,11.377955825253878
44-scale_9_im_1_col.png,./Clustering_PRJ/linen\train\44-scale_9_im_1_col.png,linen,169.553675,23.863008381056545,-0.15124007229695774,-0.12652670865718152,19.194675,1.0769495719805056,0.649567103177727,0.3590974482564555,9.377873013193184
44-scale_9_im_2_col.png,./Clustering_PRJ/linen\train\44-scale_9_im_2_col.png,linen,165.46005,21.67483573173047,-0.23395033875090582,0.2285186364135834,19.699525,0.9558889611373451,0.6700156823505645,0.3916523180935902,8.803016726416795
44-scale_9_im_3_col.png,./Clustering_PRJ/linen\train\44-scale_9_im_3_col.png,linen,154.644475,29.911239977212162,0.050322339582996624,-0.2385222224915582,20.1249,1.5203780523219108,0.5919970936191451,0.289469908757779,10.967741093255118
44-scale_9_im_4_col.png,./Clustering_PRJ/linen\train\44-scale_9_im_4_col.png,linen,164.9125,23.308083227713084,0.2618147043692109,0.07416956162786592,19.022425,1.0600538812151208,0.6478140898477013,0.3584738280879907,9.314860678894483
44-scale_9_im_5_col.png,./Clustering_PRJ/linen\train\44-scale_9_im_5_col.png,linen,140.70355,28.344161081208597,0.08466714670524585,-0.09325719865517712,21.13025,1.4706461958031365,0.596450629074795,0.30528296892493223,10.613914071640842
44-scale_9_im_6_col.png,./Clustering_PRJ/linen\train\44-scale_9_im_6_col.png,linen,148.265675,30.618463250045306,0.41792852648121054,0.06977206298359162,20.32515,1.6354879295977374,0.5771006141179076,0.28657017772423465,11.119372021438842
44-scale_9_im_7_col.png,./Clustering_PRJ/linen\train\44-scale_9_im_7_col.png,linen,170.92715,22.131148702168623,0.1168402057263981,-0.018370871605798644,19.251675,1.021197034165804,0.6599075270306602,0.3820751094857162,8.954300299212248
44-scale_9_im_8_col.png,./Clustering_PRJ/linen\train\44-scale_9_im_8_col.png,linen,181.972925,21.887283795491275,-0.10140636619750859,0.19163191642733057,18.95515,1.0783543660513628,0.6572554998411189,0.39196013810601477,8.756731146185373
44-scale_9_im_9_col.png,./Clustering_PRJ/linen\train\44-scale_9_im_9_col.png,linen,149.82635,26.264073288001235,0.0896243748640747,-0.027272532208946654,19.916775,1.204280194944572,0.6436329535011334,0.3344108179572206,9.982980679876942
55-scale_1_im_1_col.png,./Clustering_PRJ/orange_peel\train\55-scale_1_im_1_col.png,orange_peel,152.6129,13.78484144232352,0.8329534207128391,0.43762813930466926,15.650125,0.06830976490492666,0.9658451175475368,0.7358591186110429,3.560993826152483
55-scale_1_im_2_col.png,./Clustering_PRJ/orange_peel\train\55-scale_1_im_2_col.png,orange_peel,116.556625,9.34899960473713,1.2460626179313061,2.597516075393723,14.809025,0.04369769702785284,0.9781511514860736,0.8690823353148471,2.119670792956045
55-scale_1_im_3_col.png,./Clustering_PRJ/orange_peel\train\55-scale_1_im_3_col.png,orange_peel,149.1598,15.491470684218461,1.0531799559097383,1.4564917719616668,16.152125,0.09360985202393879,0.9531950739880306,0.7343146943822296,4.143246801278812
55-scale_1_im_4_col.png,./Clustering_PRJ/orange_peel\train\55-scale_1_im_4_col.png,orange_peel,147.506975,9.41544748534954,0.8899087524214854,2.037085201303965,16.13525,0.038438675791015384,0.9807806621044924,0.8833915351386324,2.038710926643118
55-scale_1_im_5_col.png,./Clustering_PRJ/orange_peel\train\55-scale_1_im_5_col.png,orange_peel,128.081125,8.365589861711785,0.749629363785964,2.1489696179829663,15.731325,0.12126410949218454,0.9393679452539078,0.6246570211742807,4.386847912596653
55-scale_1_im_6_col.png,./Clustering_PRJ/orange_peel\train\55-scale_1_im_6_col.png,orange_peel,148.068775,12.631409066267112,1.4057309825496598,3.6458729225134343,16.157425,0.07275340269185124,0.9636308742203482,0.8192457757245499,3.0702941758770597
55-scale_1_im_7_col.png,./Clustering_PRJ/orange_peel\train\55-scale_1_im_7_col.png,orange_peel,142.072625,10.80811503498066,0.7611850184881012,0.93438988799759,15.89765,0.05514191560819172,0.9724290421959043,0.8420365053752947,2.7882337161250335
55-scale_1_im_8_col.png,./Clustering_PRJ/orange_peel\train\55-scale_1_im_8_col.png,orange_peel,150.89435,14.075675403954866,0.5883545988688623,-0.0011846750543988982,15.85555,0.08197315093053205,0.9590134245347341,0.7246255473129142,3.8586712479362664
55-scale_1_im_9_col.png,./Clustering_PRJ/orange_peel\train\55-scale_1_im_9_col.png,orange_peel,140.41185,13.542655927752874,0.8985637377231689,1.6156645419054447,16.088575,0.10498244993813288,0.9475087750309334,0.7338887411872601,4.1887340232192924
55-scale_2_im_1_col.png,./Clustering_PRJ/orange_peel\train\55-scale_2_im_1_col.png,orange_peel,148.033025,15.755585814223952,0.9193507109871665,0.7779951114289161,15.6107,0.13278761899952024,0.9338936074846594,0.702322227774062,4.635278636578221
55-scale_2_im_2_col.png,./Clustering_PRJ/orange_peel\train\55-scale_2_im_2_col.png,orange_peel,116.627375,11.427286449957181,1.5280028054759862,4.0245381356667345,14.7684,0.08522016489482591,0.957594154819323,0.8294457986846158,2.8741208413825907
55-scale_2_im_3_col.png,./Clustering_PRJ/orange_peel\train\55-scale_2_im_3_col.png,orange_peel,139.612575,19.491682248317485,1.3961480347331268,3.54065180419449,15.608225,0.1819056652609783,0.9108314783717583,0.5919809444638018,6.003719068620349
55-scale_2_im_4_col.png,./Clustering_PRJ/orange_peel\train\55-scale_2_im_4_col.png,orange_peel,128.89595,11.1193715468771,1.1737912166777857,4.766651817720777,15.53135,0.1459183795863741,0.9279629081336328,0.6071173096831434,4.841467598835038
55-scale_2_im_5_col.png,./Clustering_PRJ/orange_peel\train\55-scale_2_im_5_col.png,orange_peel,128.829575,10.535714513946123,0.8630547791715186,3.804446329096371,15.714525,0.13613930203782734,0.932398784121613,0.6158437785955667,4.650738296387086
55-scale_2_im_6_col.png,./Clustering_PRJ/orange_peel\train\55-scale_2_im_6_col.png,orange_peel,133.500075,14.687397659026429,1.311963629896102,5.3919947355241575,15.778825,0.17320364384737755,0.9163671160264817,0.6151463358166862,5.256612581274348
55-scale_2_im_7_col.png,./Clustering_PRJ/orange_peel\train\55-scale_2_im_7_col.png,orange_peel,144.90925,13.29435836877809,1.1816654140426228,3.1191658932183968,15.964225,0.09878159642433271,0.9508962399939394,0.7894954985615237,3.685772764025442
55-scale_2_im_8_col.png,./Clustering_PRJ/orange_peel\train\55-scale_2_im_8_col.png,orange_peel,139.5753,16.17086979447921,0.9801880359082512,1.0258569616619226,15.630725,0.17822081513093108,0.9118194174389536,0.6050964946605957,5.67274574907346
55-scale_2_im_9_col.png,./Clustering_PRJ/orange_peel\train\55-scale_2_im_9_col.png,orange_peel,133.672875,16.928869254453325,1.1515873358782207,3.539508114054877,15.619625,0.16191494532966338,0.9203867736925835,0.5892027296613841,5.587148367188952
55-scale_3_im_1_col.png,./Clustering_PRJ/orange_peel\train\55-scale_3_im_1_col.png,orange_peel,163.1564,18.197399238352716,1.145063611094737,1.7338521986524427,16.157,0.2950713997121284,0.8671351417893488,0.5204235565325417,6.565893717426168
55-scale_3_im_2_col.png,./Clustering_PRJ/orange_peel\train\55-scale_3_im_2_col.png,orange_peel,134.766375,14.5314192135309,1.701991635004839,4.658126924939409,15.60845,0.2636548950784071,0.8800281042368213,0.5712454499992226,5.942180456130532
55-scale_3_im_3_col.png,./Clustering_PRJ/orange_peel\train\55-scale_3_im_3_col.png,orange_peel,139.035575,20.21845220137721,1.5185266653437326,4.268273653140157,15.81,0.28852999292947146,0.876715445205632,0.5607497491835918,6.600642829917003
55-scale_3_im_4_col.png,./Clustering_PRJ/orange_peel\train\55-scale_3_im_4_col.png,orange_peel,148.71375,10.70720369365877,1.8652845069184416,8.017994387795714,16.5002,0.10807965707936668,0.9501289097720347,0.8534514860404772,2.6898484426940206
55-scale_3_im_6_col.png,./Clustering_PRJ/orange_peel\train\55-scale_3_im_6_col.png,orange_peel,145.974525,13.85674117620644,1.4296127738997917,6.368483747838944,15.96285,0.1653884371606778,0.9256413106769438,0.7698636728575594,4.136423575387007
55-scale_3_im_7_col.png,./Clustering_PRJ/orange_peel\train\55-scale_3_im_7_col.png,orange_peel,161.046225,15.225873973252735,1.036687853868004,1.7555410664686004,16.4091,0.21189190298224791,0.8987565433953688,0.5692921820222461,5.653967797844377
55-scale_3_im_8_col.png,./Clustering_PRJ/orange_peel\train\55-scale_3_im_8_col.png,orange_peel,146.3864,19.705973587722074,1.2623842330740203,1.9593618874472343,16.020675,0.32899648998762654,0.8610501294530589,0.5901428355248974,6.566480356787914
55-scale_3_im_9_col.png,./Clustering_PRJ/orange_peel\train\55-scale_3_im_9_col.png,orange_peel,126.833475,19.227367069476127,1.3452653202410307,4.175051279776356,15.40825,0.2413841190879018,0.8916644599735299,0.5637953646372613,6.2743691051134824
55-scale_4_im_1_col.png,./Clustering_PRJ/orange_peel\train\55-scale_4_im_1_col.png,orange_peel,150.175375,18.266754462941,1.1008023263182705,1.8693187088786622,15.96435,0.2721757657634908,0.8789526842756497,0.6250375122773453,5.989614938589609
55-scale_4_im_2_col.png,./Clustering_PRJ/orange_peel\train\55-scale_4_im_2_col.png,orange_peel,152.5169,15.824517824881744,1.2947627961027615,2.6419934713432616,16.40295,0.27622260170197727,0.8799914995833439,0.6646189181834149,5.25934930003722
55-scale_4_im_3_col.png,./Clustering_PRJ/orange_peel\train\55-scale_4_im_3_col.png,orange_peel,135.381275,19.88738681612984,1.4506705487895766,4.2088106249023625,15.589425,0.303265037499053,0.8700692282354721,0.5296098118612209,6.72744431799835
55-scale_4_im_4_col.png,./Clustering_PRJ/orange_peel\train\55-scale_4_im_4_col.png,orange_peel,157.776225,10.90386627528855,1.4539160953766397,4.980000420770858,16.7034,0.23127080124239285,0.8896827226585187,0.6019916178325203,5.129979649512389
55-scale_4_im_5_col.png,./Clustering_PRJ/orange_peel\train\55-scale_4_im_5_col.png,orange_peel,127.12765,11.53689756726218,1.0961583949241571,6.1404257192339085,16.09365,0.2040312428979066,0.9034891437307733,0.5848893228334022,5.165385714126808
55-scale_4_im_6_col.png,./Clustering_PRJ/orange_peel\train\55-scale_4_im_6_col.png,orange_peel,149.7899,14.989866843638072,0.8768640223732272,3.7152222290514656,16.467325,0.21783064190298226,0.901023516748686,0.6694733002914607,5.196605067297395
55-scale_4_im_7_col.png,./Clustering_PRJ/orange_peel\train\55-scale_4_im_7_col.png,orange_peel,160.24405,15.097840560739142,1.0496362727478694,1.5398223719728348,16.54355,0.239072624428676,0.8880652003737279,0.5687257306111776,5.702706508250989
55-scale_4_im_8_col.png,./Clustering_PRJ/orange_peel\train\55-scale_4_im_8_col.png,orange_peel,163.02705,18.695117498895268,1.1669125302338579,1.5540332659356997,16.457575,0.3611408171510821,0.8432911858286405,0.5054775159386022,6.831561938094587
55-scale_4_im_9_col.png,./Clustering_PRJ/orange_peel\train\55-scale_4_im_9_col.png,orange_peel,134.9901,19.067738512734017,1.3399890179932574,3.783375519339266,15.844325,0.2817296911694149,0.8755820808892226,0.5321220180639523,6.605069894044627
55-scale_5_im_1_col.png,./Clustering_PRJ/orange_peel\train\55-scale_5_im_1_col.png,orange_peel,165.497175,17.624875659685518,0.8258527367027098,0.9386574692557312,16.22605,0.2888175172344132,0.8681925140779272,0.5185893076236359,6.513902848469384
55-scale_5_im_2_col.png,./Clustering_PRJ/orange_peel\train\55-scale_5_im_2_col.png,orange_peel,160.608025,15.011066937409048,1.1904329691726163,2.2480325468089903,16.33165,0.3548653443094873,0.8410776046207984,0.524108720722635,6.300323420119602
55-scale_5_im_3_col.png,./Clustering_PRJ/orange_peel\train\55-scale_5_im_3_col.png,orange_peel,140.08905,19.787773247576393,1.209469272059121,3.1449706725959894,15.901275,0.30998465947829607,0.8689457110411649,0.5503333073601914,6.730081291884049
55-scale_5_im_4_col.png,./Clustering_PRJ/orange_peel\train\55-scale_5_im_4_col.png,orange_peel,160.19525,11.251883284032944,1.1763423721615072,3.407479928035908,16.6341,0.2336377237948537,0.8883417274816293,0.5658354610135279,5.391333962155578
55-scale_5_im_5_col.png,./Clustering_PRJ/orange_peel\train\55-scale_5_im_5_col.png,orange_peel,144.047275,11.919869549385808,0.8444900183149869,4.100360563542686,16.6016,0.15247320143430723,0.9299720214655898,0.8006027808047463,3.643893708633792
55-scale_5_im_6_col.png,./Clustering_PRJ/orange_peel\train\55-scale_5_im_6_col.png,orange_peel,147.81745,16.232141740925627,0.7247551086175595,2.530840556009043,16.26335,0.24704846468523523,0.8892827437141367,0.6314660538427617,5.735577240028913
55-scale_5_im_7_col.png,./Clustering_PRJ/orange_peel\train\55-scale_5_im_7_col.png,orange_peel,162.224775,16.05496655865016,0.8367824098531775,1.0242536987110649,16.4096,0.2376195992525441,0.8878998036665741,0.5484509406620582,5.9556532519879415
55-scale_5_im_8_col.png,./Clustering_PRJ/orange_peel\train\55-scale_5_im_8_col.png,orange_peel,178.6219,17.74933351960011,0.8749345088461823,0.7052063719965753,16.5822,0.3444279500517664,0.8457621240625238,0.576715734814389,6.482768097505959
55-scale_5_im_9_col.png,./Clustering_PRJ/orange_peel\train\55-scale_5_im_9_col.png,orange_peel,153.677775,19.32258901000006,0.9182395043185332,1.986085497790067,16.56145,0.2852185866518523,0.8730893877828398,0.5660831720828727,6.537837081950858
55-scale_6_im_1_col.png,./Clustering_PRJ/orange_peel\train\55-scale_6_im_1_col.png,orange_peel,176.232075,17.1220126210202,0.6688425797805183,0.5955952816578614,16.55945,0.30429108482109035,0.8592148904068079,0.570062640684244,6.399418052691452
55-scale_6_im_2_col.png,./Clustering_PRJ/orange_peel\train\55-scale_6_im_2_col.png,orange_peel,179.59015,14.506216701038904,0.7260755429882996,1.2659264089212199,16.6282,0.27830310471957775,0.8746368115704148,0.6739613384124516,5.201100912964787
55-scale_6_im_3_col.png,./Clustering_PRJ/orange_peel\train\55-scale_6_im_3_col.png,orange_peel,147.8897,20.039168742989318,0.8540285998891659,1.8008658391206245,16.328325,0.3162174566298831,0.8635160397761793,0.547956053989566,6.88724848436228
55-scale_6_im_4_col.png,./Clustering_PRJ/orange_peel\train\55-scale_6_im_4_col.png,orange_peel,179.96545,10.625321467960394,0.3091940999919911,1.4889396918769524,17.067025,0.11179607206888714,0.9447150545440771,0.8211803903574052,3.1091593066116436
55-scale_6_im_5_col.png,./Clustering_PRJ/orange_peel\train\55-scale_6_im_5_col.png,orange_peel,168.3811,12.403135200021,0.3375689797716586,1.2064922973961352,16.88695,0.1778895103658999,0.9139858905078154,0.6831226681933764,4.6071896546385736
55-scale_6_im_6_col.png,./Clustering_PRJ/orange_peel\train\55-scale_6_im_6_col.png,orange_peel,158.682025,14.714913078213373,0.5040530962151618,1.7040748137713102,16.480275,0.2145243491325977,0.8993122026404563,0.5723443018398364,5.591337116428015
55-scale_6_im_7_col.png,./Clustering_PRJ/orange_peel\train\55-scale_6_im_7_col.png,orange_peel,178.5671,15.060731973911494,0.5722835385285011,0.6366249276120128,17.10365,0.1990558950531552,0.9028120312618367,0.6557092279979309,5.31485698605219
55-scale_6_im_8_col.png,./Clustering_PRJ/orange_peel\train\55-scale_6_im_8_col.png,orange_peel,178.196375,17.029587835863058,0.7294463744413235,0.474318235855125,16.729775,0.3234185689755309,0.8507236591247698,0.5796575237386073,6.3283573465497724
55-scale_6_im_9_col.png,./Clustering_PRJ/orange_peel\train\55-scale_6_im_9_col.png,orange_peel,153.93245,20.572218815613937,0.615776078609589,0.9778443188427333,16.69055,0.28383292088583617,0.8708359537118044,0.5293401526651234,6.920833227785006
55-scale_7_im_1_col.png,./Clustering_PRJ/orange_peel\train\55-scale_7_im_1_col.png,orange_peel,187.421325,16.006055424256626,0.6434005256881775,0.8120321124271377,17.0646,0.2830867276078886,0.8683547953334511,0.5753224062659248,5.93141077488433
55-scale_7_im_3_col.png,./Clustering_PRJ/orange_peel\train\55-scale_7_im_3_col.png,orange_peel,160.251525,19.716521249307014,0.4825440039826015,0.9847947356204796,16.81635,0.2859134239034368,0.8723767444226751,0.5218249817154685,6.752800213735338
55-scale_7_im_4_col.png,./Clustering_PRJ/orange_peel\train\55-scale_7_im_4_col.png,orange_peel,182.457275,15.346705658686979,-2.5261680917381093,20.045602775881132,17.41145,0.20155005555415267,0.9033900564379688,0.6885534280269712,4.829616536539097
55-scale_7_im_5_col.png,./Clustering_PRJ/orange_peel\train\55-scale_7_im_5_col.png,orange_peel,180.686625,14.706769567426253,0.16459209214194306,1.0501812676228575,18.168075,0.20114201661574205,0.9042779222746901,0.6614976614606256,5.220579509112651
55-scale_7_im_6_col.png,./Clustering_PRJ/orange_peel\train\55-scale_7_im_6_col.png,orange_peel,163.192475,17.216253319882785,-0.23401894214689659,2.5116429777582105,16.9069,0.22925551122446403,0.8937442277155803,0.5658784164495972,5.93313579801939
55-scale_7_im_7_col.png,./Clustering_PRJ/orange_peel\train\55-scale_7_im_7_col.png,orange_peel,188.9529,14.980042776641193,0.39415212552930673,1.192219387424486,17.721125,0.20537256003636273,0.8999779330067423,0.5950424021787856,5.4098150147642015
55-scale_7_im_8_col.png,./Clustering_PRJ/orange_peel\train\55-scale_7_im_8_col.png,orange_peel,188.796275,16.943474293201348,0.3111275260818494,1.227372966607855,17.183475,0.3092934521855508,0.8547512184035756,0.5443688170164607,6.240105600044889
55-scale_7_im_9_col.png,./Clustering_PRJ/orange_peel\train\55-scale_7_im_9_col.png,orange_peel,167.590175,19.874824992169742,0.24302064757397834,0.8421855804006979,17.055,0.2613938410646196,0.8771009128557361,0.5155015040586457,6.807595318099533
55-scale_8_im_1_col.png,./Clustering_PRJ/orange_peel\train\55-scale_8_im_1_col.png,orange_peel,188.49105,25.58693650864636,-1.9207964771904078,5.657255387068341,17.444625,0.2782236559682836,0.8669168076563722,0.490523080105399,7.150215678752561
55-scale_8_im_2_col.png,./Clustering_PRJ/orange_peel\train\55-scale_8_im_2_col.png,orange_peel,202.9785,19.584821616496793,-3.0070058780227575,18.29446924251501,25.0406,0.24942930734072372,0.879758453069367,0.6551519397125627,5.576598974147356
55-scale_8_im_3_col.png,./Clustering_PRJ/orange_peel\train\55-scale_8_im_3_col.png,orange_peel,164.87755,24.36712141385396,-0.7471607851005075,2.9376268099535734,17.0016,0.3058865937728845,0.8620996877678371,0.4814766026166045,7.549300133678678
55-scale_8_im_4_col.png,./Clustering_PRJ/orange_peel\train\55-scale_8_im_4_col.png,orange_peel,192.70525,25.012456345539114,-3.378467709142777,15.915071611178618,22.7333,0.2160278465190273,0.8946622591601221,0.581639869646427,6.1142177531076065
55-scale_8_im_5_col.png,./Clustering_PRJ/orange_peel\train\55-scale_8_im_5_col.png,orange_peel,190.259825,23.77339618080208,-3.0455718490486325,15.071284931290013,22.163375,0.21515706674073887,0.8952689326027121,0.5414550359649997,6.321369299946749
55-scale_8_im_6_col.png,./Clustering_PRJ/orange_peel\train\55-scale_8_im_6_col.png,orange_peel,170.677675,25.474778342399272,-1.646679443967945,5.154443674691786,17.385025,0.26156410191661833,0.8770002725718455,0.5506521552703879,7.06784254785844
55-scale_8_im_7_col.png,./Clustering_PRJ/orange_peel\train\55-scale_8_im_7_col.png,orange_peel,196.78565,25.07921159202378,-2.547314866955427,9.34492134690638,29.8752,0.2242430115401126,0.88963674528421,0.5997620904906198,6.26549059095149
55-scale_8_im_8_col.png,./Clustering_PRJ/orange_peel\train\55-scale_8_im_8_col.png,orange_peel,193.354175,25.203922017602242,-2.0822886903527373,7.266035268515603,18.576675,0.31026678619226783,0.8510971692634024,0.4901184965263605,7.280191979583253
55-scale_8_im_9_col.png,./Clustering_PRJ/orange_peel\train\55-scale_8_im_9_col.png,orange_peel,169.310175,26.5739273813521,-1.0996823998991392,2.8496320082131703,17.811775,0.2700403083255473,0.8723902268882099,0.5005553152482064,7.563513005784111
55-scale_9_im_1_col.png,./Clustering_PRJ/orange_peel\train\55-scale_9_im_1_col.png,orange_peel,186.9696,38.04206981540305,-1.3379602369585928,1.4331972356005354,33.117925,0.28050866771041133,0.8805922562167656,0.4990364758740692,8.148099110435936
55-scale_9_im_2_col.png,./Clustering_PRJ/orange_peel\train\55-scale_9_im_2_col.png,orange_peel,191.266825,46.3732426019507,-1.7969154149723359,2.5229214895180903,57.23175,0.34471673695108707,0.8710754211910313,0.48804222892406485,8.357047721059116
55-scale_9_im_3_col.png,./Clustering_PRJ/orange_peel\train\55-scale_9_im_3_col.png,orange_peel,152.06565,42.634431977892,-0.7985451581306837,-0.22617949265574389,16.2711,0.2932091045680665,0.8731267448646679,0.3990551376315024,9.099007970975997
55-scale_9_im_4_col.png,./Clustering_PRJ/orange_peel\train\55-scale_9_im_4_col.png,orange_peel,181.11435,47.708994687349055,-1.3505233778098635,0.5919352852064743,45.0161,0.21339205449357337,0.9110549870278426,0.574171469279509,7.479400294734262
55-scale_9_im_6_col.png,./Clustering_PRJ/orange_peel\train\55-scale_9_im_6_col.png,orange_peel,150.50585,46.910662069272696,-0.9115477445204561,-0.45047509111107686,22.309975,0.29738090578520743,0.8760890192309692,0.4337569913463821,8.945909930730616
55-scale_9_im_7_col.png,./Clustering_PRJ/orange_peel\train\55-scale_9_im_7_col.png,orange_peel,189.52085,45.46145966945518,-1.2308749139337711,0.2543166641227024,67.7288,0.19467077851569403,0.9143892996089892,0.4975283005588077,7.893139394042907
55-scale_9_im_8_col.png,./Clustering_PRJ/orange_peel\train\55-scale_9_im_8_col.png,orange_peel,179.59765,44.26960881324229,-1.1965422075207022,0.5367108322135397,31.758075,0.2889821911062851,0.8679404503502757,0.42772768970589997,8.900936622417383
55-scale_9_im_9_col.png,./Clustering_PRJ/orange_peel\train\55-scale_9_im_9_col.png,orange_peel,154.01295,47.858125561888656,-0.7755342624053295,-0.5461887297043075,25.258175,0.2640418802555491,0.8822205970905941,0.40421757154310095,9.166913770220663
06-scale_1_im_1_col.png,./Clustering_PRJ/sandpaper\train\06-scale_1_im_1_col.png,sandpaper,128.558225,7.668458766230344,-0.7295153658728712,2.698806659739864,17.6623,0.11426255018812656,0.9428687249059368,0.6427005394451161,4.195287595847314
06-scale_1_im_2_col.png,./Clustering_PRJ/sandpaper\train\06-scale_1_im_2_col.png,sandpaper,126.273575,8.289250974567908,-0.5835715429777321,1.570540717824061,17.66365,0.12865107573041082,0.9356744621347945,0.6232880487925349,4.398495314095071
06-scale_1_im_3_col.png,./Clustering_PRJ/sandpaper\train\06-scale_1_im_3_col.png,sandpaper,116.050375,13.5407306804092,-0.05280308151986029,0.3508472960634186,18.242425,0.13009459988384134,0.9349678511906265,0.6973826443233307,4.555152355583106
06-scale_1_im_4_col.png,./Clustering_PRJ/sandpaper\train\06-scale_1_im_4_col.png,sandpaper,110.35495,11.059249997061283,-0.1045622511807398,1.112270368965377,17.7189,0.11040952248680588,0.944976787202343,0.8119619995579481,3.340530435637197
06-scale_1_im_5_col.png,./Clustering_PRJ/sandpaper\train\06-scale_1_im_5_col.png,sandpaper,113.38815,13.443529654726099,0.03201671431351557,0.639193991120802,18.15455,0.17848706472058784,0.9114296703366076,0.7014410980275376,4.727316439389828
06-scale_1_im_6_col.png,./Clustering_PRJ/sandpaper\train\06-scale_1_im_6_col.png,sandpaper,120.2782,18.513658600071462,0.43637489679328284,1.4940420132514793,18.545425,0.2843319928789678,0.8649576293750751,0.5388406521964435,6.627277826470458
06-scale_1_im_7_col.png,./Clustering_PRJ/sandpaper\train\06-scale_1_im_7_col.png,sandpaper,137.548375,7.778908012013962,-0.5305196090926728,1.100550940539911,18.112025,0.049710045200878766,0.9751449773995606,0.8834909343405642,1.9627223644446459
06-scale_1_im_8_col.png,./Clustering_PRJ/sandpaper\train\06-scale_1_im_8_col.png,sandpaper,131.671425,7.461254148558069,-0.47217351536249563,1.9643392354528926,18.27145,0.10361547056892506,0.9481998402818113,0.7290831556827466,3.5655462739310693
06-scale_1_im_9_col.png,./Clustering_PRJ/sandpaper\train\06-scale_1_im_9_col.png,sandpaper,117.5035,16.153666387232345,-0.025349491124103115,-0.11696023681285395,18.500875,0.15463346885179668,0.9227437943486277,0.6079430393905076,5.453407010383181
06-scale_2_im_1_col.png,./Clustering_PRJ/sandpaper\train\06-scale_2_im_1_col.png,sandpaper,128.306825,12.040078214836273,-0.3618869723348918,2.5672187691467627,17.698425,0.22298044872604228,0.8894544866291255,0.5689781384659895,5.35084326262599
06-scale_2_im_2_col.png,./Clustering_PRJ/sandpaper\train\06-scale_2_im_2_col.png,sandpaper,125.040775,13.996512508456348,-0.33289793539692303,1.9029119885899402,17.67685,0.2824791987576072,0.8609602693113811,0.5367035987265227,5.9344830208570425
06-scale_2_im_3_col.png,./Clustering_PRJ/sandpaper\train\06-scale_2_im_3_col.png,sandpaper,115.07355,24.575835497445453,0.6032571346031566,1.2958451388640304,17.5432,0.4595617534910735,0.8010788259380531,0.42475637700481683,8.463418444462977
06-scale_2_im_4_col.png,./Clustering_PRJ/sandpaper\train\06-scale_2_im_4_col.png,sandpaper,121.476625,16.574462392770844,0.1276886156005282,2.817587829269928,17.59355,0.40291277366733164,0.8210102539374378,0.5287542082370666,6.688643081574947
06-scale_2_im_5_col.png,./Clustering_PRJ/sandpaper\train\06-scale_2_im_5_col.png,sandpaper,113.1429,22.18404222836767,0.38495883177162554,1.46781380851409,17.8926,0.6262442236307164,0.7571660606118429,0.4363120030671672,8.435308307092285
06-scale_2_im_6_col.png,./Clustering_PRJ/sandpaper\train\06-scale_2_im_6_col.png,sandpaper,112.3781,28.014407728702746,0.6833545887184289,1.3346353070645733,17.715525,0.8538016401100982,0.7162324776632507,0.3577990174830863,9.867283522291086
06-scale_2_im_7_col.png,./Clustering_PRJ/sandpaper\train\06-scale_2_im_7_col.png,sandpaper,120.40015,11.829086185225806,-0.5794850808117632,3.099249213582021,17.959825,0.21891827226585184,0.8925045264008485,0.649047776552448,4.927295512321712
06-scale_2_im_8_col.png,./Clustering_PRJ/sandpaper\train\06-scale_2_im_8_col.png,sandpaper,130.998325,13.663980832626157,-0.2200612450038191,4.091180053393508,18.109175,0.29193486275599106,0.8598892611891855,0.5559125175087342,5.887577046438619
06-scale_2_im_9_col.png,./Clustering_PRJ/sandpaper\train\06-scale_2_im_9_col.png,sandpaper,120.23875,25.910329956168063,0.46193670297892714,1.0281503346208352,18.07875,0.553570459079316,0.776539309147776,0.3940691429555632,9.002387966359379
06-scale_3_im_1_col.png,./Clustering_PRJ/sandpaper\train\06-scale_3_im_1_col.png,sandpaper,138.57435,16.522120689472644,-0.1668531544428638,3.940137789573762,17.690075,0.38424525264513526,0.8328168864942508,0.590021760810458,6.322214185090981
06-scale_3_im_2_col.png,./Clustering_PRJ/sandpaper\train\06-scale_3_im_2_col.png,sandpaper,125.9222,17.179919882234607,-0.15758564055219454,2.3907628778434615,17.80895,0.4992411807782632,0.7846943414404841,0.4662848975970351,7.220414887798841
06-scale_3_im_3_col.png,./Clustering_PRJ/sandpaper\train\06-scale_3_im_3_col.png,sandpaper,123.114525,29.14614055109827,0.36571956532442595,0.5523565806596551,17.882075,0.9105651688088683,0.6987348479105092,0.331854109371408,10.273001682841173
06-scale_3_im_4_col.png,./Clustering_PRJ/sandpaper\train\06-scale_3_im_4_col.png,sandpaper,138.709975,16.508249770928927,-0.20333899813293516,3.9677643425544327,17.8227,0.40705452513825413,0.8267161120954144,0.5879519300856372,6.343813326068892
06-scale_3_im_5_col.png,./Clustering_PRJ/sandpaper\train\06-scale_3_im_5_col.png,sandpaper,123.01775,25.625980662942442,0.3078465919375495,1.0029410424971497,17.9859,0.8736335887982627,0.7039665728335049,0.36575976740437527,9.576705915171427
06-scale_3_im_6_col.png,./Clustering_PRJ/sandpaper\train\06-scale_3_im_6_col.png,sandpaper,118.342,29.336545229457403,0.5999735446570325,1.050411029978326,17.7218,0.9416044102421655,0.6983793311264299,0.3378390858524818,10.248028831367174
06-scale_3_im_7_col.png,./Clustering_PRJ/sandpaper\train\06-scale_3_im_7_col.png,sandpaper,129.92005,15.619187174673975,-0.3429063409432826,3.473732288191976,17.8322,0.3866003383752936,0.8243378368341859,0.5123345362867223,6.515312504225327
06-scale_3_im_8_col.png,./Clustering_PRJ/sandpaper\train\06-scale_3_im_8_col.png,sandpaper,123.20715,14.884290002465686,-0.35863969800859663,4.840022661444074,17.7054,0.40258715057700567,0.8173433671832409,0.5257864545082127,6.397254933149037
06-scale_3_im_9_col.png,./Clustering_PRJ/sandpaper\train\06-scale_3_im_9_col.png,sandpaper,122.022525,29.258513592190138,0.4436119938899318,0.8126209272357192,18.0088,0.9123296128885634,0.699630517036768,0.3355448918557559,10.272995905121451
06-scale_4_im_1_col.png,./Clustering_PRJ/sandpaper\train\06-scale_4_im_1_col.png,sandpaper,129.139075,16.33724680429279,-0.016177380106652837,2.9000927842424566,17.8185,0.43419440165652395,0.807357751346834,0.4834247559190509,6.926799858081783
06-scale_4_im_2_col.png,./Clustering_PRJ/sandpaper\train\06-scale_4_im_2_col.png,sandpaper,125.497125,17.7581570478013,-0.22858908516005555,1.85587207634096,17.7157,0.559314000909068,0.7657607971672411,0.45438965834542394,7.450000291018833
06-scale_4_im_3_col.png,./Clustering_PRJ/sandpaper\train\06-scale_4_im_3_col.png,sandpaper,126.540975,31.215429214562707,0.24979816818586087,0.18234329417905837,18.399475,1.050054638771748,0.671044822219732,0.3043492241202385,10.837988502311092
06-scale_4_im_4_col.png,./Clustering_PRJ/sandpaper\train\06-scale_4_im_4_col.png,sandpaper,132.508025,14.989360746855585,-0.15245282986424968,3.205232356543208,17.986075,0.4143002070654783,0.8145550197210389,0.532368299777708,6.394196698414818
06-scale_4_im_5_col.png,./Clustering_PRJ/sandpaper\train\06-scale_4_im_5_col.png,sandpaper,122.89355,22.777318068585245,0.20920590170163134,1.0301092590556253,17.916,0.792034576147067,0.7163307755465975,0.3940503532545415,8.925550921894176
06-scale_4_im_6_col.png,./Clustering_PRJ/sandpaper\train\06-scale_4_im_6_col.png,sandpaper,129.930675,30.6129795845549,0.2517605464551243,0.3402328837003732,18.273975,1.038560232064847,0.6759854314354015,0.31158432303988676,10.71626261683902
06-scale_4_im_7_col.png,./Clustering_PRJ/sandpaper\train\06-scale_4_im_7_col.png,sandpaper,133.3834,14.946635221346643,-0.32866157120844425,2.6922123279205312,17.8382,0.36872923032246663,0.8324701936745504,0.5555933086063837,6.174179317277313
06-scale_4_im_8_col.png,./Clustering_PRJ/sandpaper\train\06-scale_4_im_8_col.png,sandpaper,123.7197,15.28884828592396,0.04035034888139621,3.0666681761524623,17.728575,0.4534714401151486,0.7999712436703171,0.5150283530206343,6.622330457215082
06-scale_4_im_9_col.png,./Clustering_PRJ/sandpaper\train\06-scale_4_im_9_col.png,sandpaper,124.18545,28.23256999101392,0.3361565392809102,0.5575738324224924,18.196525,0.8914166624580186,0.6992111637538062,0.3371567934741287,10.137093565799379
06-scale_5_im_2_col.png,./Clustering_PRJ/sandpaper\train\06-scale_5_im_2_col.png,sandpaper,127.576375,15.416525771371933,-0.19513959172879844,1.9822173434173047,17.81495,0.4852490467412438,0.7832669662976423,0.47709459697269796,6.811960805103222
06-scale_5_im_3_col.png,./Clustering_PRJ/sandpaper\train\06-scale_5_im_3_col.png,sandpaper,131.213225,28.98287442783022,0.14956641188218486,0.1176966176418226,18.072425,0.9862478535895558,0.6783054270212154,0.31961496703354764,10.416602614784905
06-scale_5_im_4_col.png,./Clustering_PRJ/sandpaper\train\06-scale_5_im_4_col.png,sandpaper,129.5937,13.140940617398742,-0.269409237949582,3.352563187381099,17.648775,0.4079170349233605,0.8117456002299406,0.5135027425731232,6.231014419626748
06-scale_5_im_5_col.png,./Clustering_PRJ/sandpaper\train\06-scale_5_im_5_col.png,sandpaper,125.160675,21.60122122807817,0.18549018847248164,0.8702582106533083,17.78425,0.7643042473674907,0.7187551747516316,0.4026353798644336,8.626810404082521
06-scale_5_im_6_col.png,./Clustering_PRJ/sandpaper\train\06-scale_5_im_6_col.png,sandpaper,127.8696,29.576722195672733,0.27193949876427315,0.24106351542831916,18.0139,1.0120646258932853,0.6746345752697978,0.3161353381976709,10.535340131769573
06-scale_5_im_7_col.png,./Clustering_PRJ/sandpaper\train\06-scale_5_im_7_col.png,sandpaper,131.6115,14.084887921101823,-0.33868089345660907,2.458408550532874,17.6237,0.3721355521325219,0.8282913354832098,0.5363283894715015,6.132175420884396
06-scale_5_im_8_col.png,./Clustering_PRJ/sandpaper\train\06-scale_5_im_8_col.png,sandpaper,130.25735,12.530822837208257,-0.47421976379814323,3.9537404429638636,17.8235,0.3984335938486403,0.8135292165624731,0.5290379927170581,6.005739665402414
06-scale_5_im_9_col.png,./Clustering_PRJ/sandpaper\train\06-scale_5_im_9_col.png,sandpaper,127.875375,27.798169788843563,0.2326425396440699,0.3737557459353118,17.9233,0.9198915115779902,0.6905201487353317,0.3347115606081734,10.117557027744912
06-scale_6_im_1_col.png,./Clustering_PRJ/sandpaper\train\06-scale_6_im_1_col.png,sandpaper,135.9749,13.77059802586656,0.1350049326162803,2.419513467070731,17.51115,0.36543767834145613,0.8320852232638214,0.597720950179909,5.820934971341018
06-scale_6_im_2_col.png,./Clustering_PRJ/sandpaper\train\06-scale_6_im_2_col.png,sandpaper,127.79315,14.111534752729769,-0.20778979730933322,1.8552933243655731,17.792875,0.4567498295497589,0.7899832201207041,0.4876849274694753,6.499607479899203
06-scale_6_im_3_col.png,./Clustering_PRJ/sandpaper\train\06-scale_6_im_3_col.png,sandpaper,130.14995,26.554991338682452,-0.0005041515869995484,0.1306196264731443,18.204875,0.8816519784853918,0.692974752511506,0.34295512260343686,9.866805024611883
06-scale_6_im_4_col.png,./Clustering_PRJ/sandpaper\train\06-scale_6_im_4_col.png,sandpaper,133.54675,12.093854407818046,-0.27186345269487117,2.813461927536969,17.9137,0.3311807151334562,0.8436308667933221,0.6091840496725413,5.361930066735718
06-scale_6_im_5_col.png,./Clustering_PRJ/sandpaper\train\06-scale_6_im_5_col.png,sandpaper,124.954,19.86502287942302,0.2218801732499672,0.7799487854167686,17.952175,0.6673009204313021,0.7393095534203681,0.42844121725481277,8.058746961345596
06-scale_6_im_6_col.png,./Clustering_PRJ/sandpaper\train\06-scale_6_im_6_col.png,sandpaper,138.283425,26.229806428362657,0.026136623034704067,0.3097742450818606,18.3349,0.8780397275321333,0.6950486067271031,0.35013601872337774,9.802998732683996
06-scale_6_im_7_col.png,./Clustering_PRJ/sandpaper\train\06-scale_6_im_7_col.png,sandpaper,137.061475,12.764092048570278,-0.36432508511402445,1.8673402961095302,17.747775,0.2826986376606652,0.8662382992779445,0.6602138086905188,5.042604106920226
06-scale_6_im_9_col.png,./Clustering_PRJ/sandpaper\train\06-scale_6_im_9_col.png,sandpaper,134.2623,25.738627560730585,0.012693226293917548,0.22317094028409468,18.221075,0.8155170008333121,0.7059434170178118,0.3568260807382586,9.607267558167177
06-scale_7_im_1_col.png,./Clustering_PRJ/sandpaper\train\06-scale_7_im_1_col.png,sandpaper,139.81835,13.940513020599347,0.5482641160574049,2.272545979736268,17.82405,0.3757130501755007,0.832692398959028,0.6327488187470738,5.632420075034618
06-scale_7_im_2_col.png,./Clustering_PRJ/sandpaper\train\06-scale_7_im_2_col.png,sandpaper,126.432525,13.627730813469093,-0.17676197023670664,1.0386047547512813,17.71,0.4225376884422111,0.8008075932425951,0.49656448693091926,6.258850888823476
06-scale_7_im_3_col.png,./Clustering_PRJ/sandpaper\train\06-scale_7_im_3_col.png,sandpaper,131.348775,23.79554435181879,-0.12134760439688683,0.16175571801164956,18.173725,0.6725179919698998,0.7358317956343029,0.38687997546616615,8.985417006369737
06-scale_7_im_4_col.png,./Clustering_PRJ/sandpaper\train\06-scale_7_im_4_col.png,sandpaper,131.471975,9.90406303490517,-0.30996090416805905,2.218859581091168,17.810975,0.3124991477487943,0.8467787587434661,0.595430780028924,5.107511277155858
06-scale_7_im_5_col.png,./Clustering_PRJ/sandpaper\train\06-scale_7_im_5_col.png,sandpaper,123.0279,19.2398784193144,0.09577763275081035,0.4379515649947914,18.103625,0.6072532890583572,0.7522565966842787,0.4388322301387832,7.835866092537716
06-scale_7_im_6_col.png,./Clustering_PRJ/sandpaper\train\06-scale_7_im_6_col.png,sandpaper,142.253,20.879017960622573,0.07968455066054479,0.6462913755948487,18.595225,0.6705245132698668,0.7387091603993043,0.43268654995467315,8.317247030235674
06-scale_7_im_7_col.png,./Clustering_PRJ/sandpaper\train\06-scale_7_im_7_col.png,sandpaper,136.457475,11.344222830338577,-0.3672483705023122,1.0948672664925692,17.84665,0.23523465316532416,0.8856752039089921,0.694519471215059,4.450831881903719
06-scale_7_im_8_col.png,./Clustering_PRJ/sandpaper\train\06-scale_7_im_8_col.png,sandpaper,128.734375,11.225442902592976,-0.0032999159280416935,2.4042781608542496,17.745425,0.41662331759299004,0.7994965709422074,0.5057566833037253,5.980295676710133
06-scale_7_im_9_col.png,./Clustering_PRJ/sandpaper\train\06-scale_7_im_9_col.png,sandpaper,134.968525,21.29433808138621,-0.0827772072235381,0.29746349950053874,18.0467,0.6008789866417517,0.753488066440687,0.4218470042013255,8.329445127707316
06-scale_8_im_1_col.png,./Clustering_PRJ/sandpaper\train\06-scale_8_im_1_col.png,sandpaper,139.42295,13.706322019327432,0.5661954231268455,2.2019196132058374,17.742775,0.35113011666372074,0.8402078388172018,0.6335600136113954,5.566233768246443
06-scale_8_im_2_col.png,./Clustering_PRJ/sandpaper\train\06-scale_8_im_2_col.png,sandpaper,128.622775,11.514335686411743,-0.2151192256600905,1.0744403791920645,17.877475,0.3787373109264918,0.816000299866165,0.5164131863857451,5.795982982303359
06-scale_8_im_3_col.png,./Clustering_PRJ/sandpaper\train\06-scale_8_im_3_col.png,sandpaper,140.2798,22.5994482667166,-0.04687669971073777,0.16357473997609118,18.45575,0.7138488295750107,0.7253800384228609,0.3962149076064482,8.810684959688846
06-scale_8_im_4_col.png,./Clustering_PRJ/sandpaper\train\06-scale_8_im_4_col.png,sandpaper,129.34675,9.74531243406285,-0.2630225780433126,1.589516435724712,17.783325,0.3429673177445014,0.8307888973763287,0.5404526880213062,5.457972087322988
06-scale_8_im_5_col.png,./Clustering_PRJ/sandpaper\train\06-scale_8_im_5_col.png,sandpaper,123.954175,16.64199732812666,0.050794437696590734,0.26696122218043605,18.082575,0.4659979861619656,0.7922732853968335,0.48165335867991366,6.929103389279696
06-scale_8_im_6_col.png,./Clustering_PRJ/sandpaper\train\06-scale_8_im_6_col.png,sandpaper,141.716475,21.961151804365247,0.016851523383451788,0.38891538877563114,18.4053,0.7022357705613496,0.728403263917875,0.4086663606067179,8.64798418686888
06-scale_8_im_7_col.png,./Clustering_PRJ/sandpaper\train\06-scale_8_im_7_col.png,sandpaper,134.35165,11.794674318415918,-0.223253286924224,0.28836273681669855,17.923125,0.2446187911921416,0.8796235480164643,0.6353380286101595,4.850202388154692
06-scale_8_im_8_col.png,./Clustering_PRJ/sandpaper\train\06-scale_8_im_8_col.png,sandpaper,132.06735,11.289057266995327,0.2431076535786839,2.9216785474156284,17.808025,0.3933406984672105,0.8135376483362722,0.5615411259059443,5.620825008129803
06-scale_8_im_9_col.png,./Clustering_PRJ/sandpaper\train\06-scale_8_im_9_col.png,sandpaper,136.404725,21.77787576129442,-0.03502153620870517,0.19933561198486238,18.38865,0.6506876088987652,0.7407976670226688,0.4097955884609988,8.525306949944767
06-scale_9_im_1_col.png,./Clustering_PRJ/sandpaper\train\06-scale_9_im_1_col.png,sandpaper,136.1487,11.910490683007145,0.5290131366988334,2.0349795762027316,17.742875,0.311370924976642,0.8516012095654151,0.6345370676610558,5.201889966678568
06-scale_9_im_2_col.png,./Clustering_PRJ/sandpaper\train\06-scale_9_im_2_col.png,sandpaper,119.5279,11.118541792429436,-0.16808748156433148,0.309845856445488,17.51955,0.2733702747405369,0.8653381069922474,0.6423578623939583,4.8818265109952925
06-scale_9_im_3_col.png,./Clustering_PRJ/sandpaper\train\06-scale_9_im_3_col.png,sandpaper,133.86045,20.947743930970226,-0.05436499191913635,-0.10100740482986259,18.124175,0.5411310320446454,0.7693633464395583,0.43046229636010913,8.082737522350468
06-scale_9_im_4_col.png,./Clustering_PRJ/sandpaper\train\06-scale_9_im_4_col.png,sandpaper,129.148,9.00771313930456,-0.17267563711392178,0.9279351955841526,17.83185,0.3181947109921467,0.8418541356278881,0.5449921893637961,5.313767074169504
06-scale_9_im_6_col.png,./Clustering_PRJ/sandpaper\train\06-scale_9_im_6_col.png,sandpaper,142.058875,21.076985285718045,-0.13903741980425285,0.1280661929049134,18.29295,0.5658837845003916,0.760851665399121,0.42746575941972886,8.210212064183851
06-scale_9_im_7_col.png,./Clustering_PRJ/sandpaper\train\06-scale_9_im_7_col.png,sandpaper,130.648,10.645562267912391,-0.16609444519934619,0.2286224726350481,17.574775,0.237718839170728,0.8820013920103027,0.5875996158140023,4.955478315268941
06-scale_9_im_8_col.png,./Clustering_PRJ/sandpaper\train\06-scale_9_im_8_col.png,sandpaper,130.53495,8.954480917255896,0.05564743032959369,1.8084259502661322,17.738425,0.3404362263579203,0.8314054064291306,0.5634675775140869,5.246613481079713
06-scale_9_im_9_col.png,./Clustering_PRJ/sandpaper\train\06-scale_9_im_9_col.png,sandpaper,135.56155,21.534896368394715,-0.004977230331251579,-0.0908947608563846,18.1095,0.566314834221358,0.7599897865398527,0.4143328329085901,8.314777246213708
20-scale_1_im_1_col.png,./Clustering_PRJ/styrofoam\train\20-scale_1_im_1_col.png,styrofoam,132.944075,11.454885306906176,3.640883850975552,23.537469218971886,19.983875,0.14895933814802664,0.9276358078078837,0.6728804836021535,4.545403358317452
20-scale_1_im_2_col.png,./Clustering_PRJ/styrofoam\train\20-scale_1_im_2_col.png,styrofoam,127.564825,9.84677600635736,3.3145198377894785,28.570253073866976,20.36025,0.16480533951162846,0.9187380590136611,0.6018005490793527,4.815941595660725
20-scale_1_im_3_col.png,./Clustering_PRJ/styrofoam\train\20-scale_1_im_3_col.png,styrofoam,130.3878,16.067694643600866,0.8616514869394346,3.2646113521829845,20.6181,0.21029377414711753,0.8967424970329034,0.5598649006798025,5.791903484890747
20-scale_1_im_4_col.png,./Clustering_PRJ/styrofoam\train\20-scale_1_im_4_col.png,styrofoam,119.18815,13.876335956494422,2.4237795854200543,15.846601892237459,22.4987,0.2703210461857024,0.8812388625892829,0.705976841806506,4.64703512658511
20-scale_1_im_5_col.png,./Clustering_PRJ/styrofoam\train\20-scale_1_im_5_col.png,styrofoam,110.395125,19.571986389592013,1.7212652710335532,7.802468532097372,25.71005,0.5204142572157269,0.7995379712127059,0.5460054514392021,7.068896696996147
20-scale_1_im_7_col.png,./Clustering_PRJ/styrofoam\train\20-scale_1_im_7_col.png,styrofoam,141.497175,11.348869636196152,2.3626652538074095,11.491456845594675,22.32805,0.07062451074467814,0.9654737475063759,0.8736497506904901,2.5562996890643044
20-scale_1_im_8_col.png,./Clustering_PRJ/styrofoam\train\20-scale_1_im_8_col.png,styrofoam,129.977275,10.301546416649057,3.207184046814289,19.85240055200874,22.071325,0.1721337213706725,0.9149759538900535,0.5905067159760868,5.0598601001783035
20-scale_1_im_9_col.png,./Clustering_PRJ/styrofoam\train\20-scale_1_im_9_col.png,styrofoam,135.594825,18.809947055198613,1.6517506432708529,6.039819275367988,23.0202,0.22349631322441355,0.8927774287488284,0.5549871687941659,6.177248548471386
20-scale_2_im_1_col.png,./Clustering_PRJ/styrofoam\train\20-scale_2_im_1_col.png,styrofoam,144.175925,18.256835032238612,1.878911588165891,7.705897214448621,21.9837,0.44414705436731394,0.8260597037176606,0.612439422672072,6.289019350037627
20-scale_2_im_2_col.png,./Clustering_PRJ/styrofoam\train\20-scale_2_im_2_col.png,styrofoam,132.70835,18.02934386708235,1.27051818571434,5.451996523401748,22.0896,0.5426170109340672,0.7781863397200421,0.4722642634490596,7.259035418363096
20-scale_2_im_4_col.png,./Clustering_PRJ/styrofoam\train\20-scale_2_im_4_col.png,styrofoam,130.815725,17.16682025665717,1.2421546643491945,5.684071554621191,21.627,0.5292555112244642,0.7840710309031688,0.47104674588729883,7.158142089716525
20-scale_2_im_5_col.png,./Clustering_PRJ/styrofoam\train\20-scale_2_im_5_col.png,styrofoam,124.01055,22.644128128446457,0.974537578816905,3.4730256310100858,24.148275,0.8180207886164488,0.7237782705385046,0.42444450261377736,8.590627922550471
20-scale_2_im_6_col.png,./Clustering_PRJ/styrofoam\train\20-scale_2_im_6_col.png,styrofoam,123.2031,31.261313958149614,0.7787506046558634,1.380245400620744,24.69275,1.3523039506578116,0.6366300583357051,0.3148249271317786,10.899234790130265
20-scale_2_im_7_col.png,./Clustering_PRJ/styrofoam\train\20-scale_2_im_7_col.png,styrofoam,139.16275,20.94239509792278,1.7358335708585146,5.7943361063050265,23.838775,0.584121108052827,0.780143020121184,0.4852675545185034,7.6404398702392236
20-scale_2_im_8_col.png,./Clustering_PRJ/styrofoam\train\20-scale_2_im_8_col.png,styrofoam,130.8004,18.728652109535272,2.407485207985929,10.560580754335875,22.7232,0.5453631537082396,0.7878206180605156,0.47530289748718757,7.108141290055469
20-scale_2_im_9_col.png,./Clustering_PRJ/styrofoam\train\20-scale_2_im_9_col.png,styrofoam,134.9513,33.93909660421149,1.0302336112174735,1.4378233453639773,25.18665,1.3166775144567058,0.6519246715854133,0.3170134998569323,10.95684547037418
20-scale_3_im_1_col.png,./Clustering_PRJ/styrofoam\train\20-scale_3_im_1_col.png,styrofoam,136.378025,19.294595670792766,1.8827699996957996,7.646830411466395,24.088525,0.6415169755814247,0.7675650023720776,0.4878802248303761,7.384212401047291
20-scale_3_im_2_col.png,./Clustering_PRJ/styrofoam\train\20-scale_3_im_2_col.png,styrofoam,128.6872,20.22220206011205,1.3598132057575265,5.525879140894986,24.465475,0.7399589341178254,0.7344462737684552,0.43877059362841975,7.897462190034935
20-scale_3_im_3_col.png,./Clustering_PRJ/styrofoam\train\20-scale_3_im_3_col.png,styrofoam,132.75525,33.855393180961585,0.7891245724651972,0.9542885397023584,28.914025,1.6589534355193047,0.6025898663538986,0.2899496481446077,11.463894408843839
20-scale_3_im_5_col.png,./Clustering_PRJ/styrofoam\train\20-scale_3_im_5_col.png,styrofoam,122.0634,22.58862280972437,1.1405487757054904,3.888929244673519,26.4569,0.8991194982449937,0.7110398085349664,0.4335376785765901,8.563724178776829
20-scale_3_im_6_col.png,./Clustering_PRJ/styrofoam\train\20-scale_3_im_6_col.png,styrofoam,126.194375,31.811926904219035,0.7156737138695299,1.0627023641159115,28.04205,1.4861787581121684,0.6173986898130546,0.3016231664734508,11.126249535602705
20-scale_3_im_7_col.png,./Clustering_PRJ/styrofoam\train\20-scale_3_im_7_col.png,styrofoam,138.721325,22.377472271111742,1.7511018404966383,5.526190070280501,24.78105,0.7817468308881088,0.7395224875343087,0.4488265753576911,8.193567041430084
20-scale_3_im_8_col.png,./Clustering_PRJ/styrofoam\train\20-scale_3_im_8_col.png,styrofoam,116.8382,19.337346528414905,2.5281802707604246,12.063701914729002,23.162075,0.548595584707457,0.8195763756174979,0.6354725936914674,6.12963735328575
20-scale_3_im_9_col.png,./Clustering_PRJ/styrofoam\train\20-scale_3_im_9_col.png,styrofoam,131.09085,38.0836119121795,0.8813942406889931,0.8374949513129732,31.65175,2.005719805055428,0.5796455594497019,0.26913633738640064,12.123413860405538
20-scale_4_im_1_col.png,./Clustering_PRJ/styrofoam\train\20-scale_4_im_1_col.png,styrofoam,138.02975,18.78082439451208,2.1716081909294678,9.147081398864195,24.43405,0.6055661473195123,0.7880301681787137,0.5338167558736189,6.957407887409532
20-scale_4_im_2_col.png,./Clustering_PRJ/styrofoam\train\20-scale_4_im_2_col.png,styrofoam,125.7993,19.235987614624833,2.1503756615291834,9.969945864635664,24.7911,0.6845599542940835,0.757659130344092,0.49149409751835527,7.179542583952796
20-scale_4_im_3_col.png,./Clustering_PRJ/styrofoam\train\20-scale_4_im_3_col.png,styrofoam,141.2609,33.65097296052522,0.6729926502553542,0.6659385548886392,29.691375,1.757573577687432,0.5878708419986214,0.2824184535896726,11.558190846765466
20-scale_4_im_4_col.png,./Clustering_PRJ/styrofoam\train\20-scale_4_im_4_col.png,styrofoam,128.220225,15.493910931374781,1.7254627957211002,9.133688358487815,22.062225,0.5460877881871669,0.7749439972294937,0.4805961119858825,6.716689818147061
20-scale_4_im_5_col.png,./Clustering_PRJ/styrofoam\train\20-scale_4_im_5_col.png,styrofoam,122.706675,20.895269451346515,1.177946370166563,4.440463257095877,26.696425,0.7940303906467008,0.7257839734593675,0.4492989178281474,8.101526711685999
20-scale_4_im_6_col.png,./Clustering_PRJ/styrofoam\train\20-scale_4_im_6_col.png,styrofoam,131.120925,27.703438453455107,0.7562195450135863,1.4714756410150045,25.434375,1.220839467437691,0.6477933395653594,0.33804718132045297,10.18070892388505
20-scale_4_im_7_col.png,./Clustering_PRJ/styrofoam\train\20-scale_4_im_7_col.png,styrofoam,134.35695,21.51200447883693,1.9888196057312304,7.025133291704671,25.014475,0.7941251799196989,0.7377315696846466,0.4361777832921624,8.024983000990977
20-scale_4_im_8_col.png,./Clustering_PRJ/styrofoam\train\20-scale_4_im_8_col.png,styrofoam,126.579375,19.047838449792014,2.476838349190364,11.468628468733339,22.3977,0.6556122635792025,0.7705946107020532,0.5027267647331404,7.009206097729159
20-scale_4_im_9_col.png,./Clustering_PRJ/styrofoam\train\20-scale_4_im_9_col.png,styrofoam,134.01635,34.643243680081405,0.91883962941869,1.1447067917670921,29.712075,1.7468595490012881,0.6009715781065077,0.29270409047986506,11.489284952920865
20-scale_5_im_1_col.png,./Clustering_PRJ/styrofoam\train\20-scale_5_im_1_col.png,styrofoam,140.790925,17.356454495212294,2.388777082664931,10.537140156289984,24.206825,0.5161111146183179,0.8258021043737103,0.6365624834650436,5.962009844568198
20-scale_5_im_2_col.png,./Clustering_PRJ/styrofoam\train\20-scale_5_im_2_col.png,styrofoam,131.03945,18.355458144581956,2.3758322227242465,11.368414522327871,25.03225,0.6732555049114921,0.7578713912282571,0.4633267995690818,7.254995912297855
20-scale_5_im_3_col.png,./Clustering_PRJ/styrofoam\train\20-scale_5_im_3_col.png,styrofoam,143.243075,28.127975212310876,0.7974105443963061,1.494899284887861,27.31725,1.2987062511047696,0.6426091214674836,0.3410578695190726,10.241891482635442
20-scale_5_im_4_col.png,./Clustering_PRJ/styrofoam\train\20-scale_5_im_4_col.png,styrofoam,138.472525,14.772662086583276,2.364827512106992,12.78602004902627,22.7322,0.42107203732228976,0.8380233438418127,0.6505575029954456,5.4629261169390375
20-scale_5_im_5_col.png,./Clustering_PRJ/styrofoam\train\20-scale_5_im_5_col.png,styrofoam,126.358775,18.364845643222136,1.9955542871314278,9.283802472101229,26.61365,0.6303045061993385,0.7696434902090662,0.4896499530926026,7.073609166755659
20-scale_5_im_6_col.png,./Clustering_PRJ/styrofoam\train\20-scale_5_im_6_col.png,styrofoam,134.52365,24.421764692124523,0.7285825740436185,1.823327524739355,25.65425,0.9910692596146562,0.6817740875812386,0.37439328918785475,9.342921853904649
20-scale_5_im_7_col.png,./Clustering_PRJ/styrofoam\train\20-scale_5_im_7_col.png,styrofoam,142.66945,19.939322623838052,2.104597221095384,7.697383147919252,24.316125,0.6595990631549707,0.7871253985027802,0.5695596040948576,6.946597517916848
20-scale_5_im_8_col.png,./Clustering_PRJ/styrofoam\train\20-scale_5_im_8_col.png,styrofoam,121.921425,19.071453824220505,3.0337590668261383,14.667601621519925,23.47545,0.5995952753718339,0.8213097964883151,0.6405872956544678,5.815171303405675
20-scale_5_im_9_col.png,./Clustering_PRJ/styrofoam\train\20-scale_5_im_9_col.png,styrofoam,132.62625,31.141277445498282,0.9953825075826733,1.6595379322072796,28.4657,1.428964072876947,0.635339457471039,0.325560029372523,10.698759531714648
20-scale_6_im_1_col.png,./Clustering_PRJ/styrofoam\train\20-scale_6_im_1_col.png,styrofoam,143.268575,16.34764486002112,2.6318208866152712,12.333832959488705,24.4412,0.41829912754728427,0.8650200105355217,0.7282276623362136,4.935178469502112
20-scale_6_im_2_col.png,./Clustering_PRJ/styrofoam\train\20-scale_6_im_2_col.png,styrofoam,130.591575,16.899300696164175,2.815120568014695,14.585375740149118,25.538125,0.6150208643721117,0.7775286065620097,0.4775118861774536,6.9192968138756825
20-scale_6_im_3_col.png,./Clustering_PRJ/styrofoam\train\20-scale_6_im_3_col.png,styrofoam,145.706425,25.839010985704835,0.716264930212061,1.5719143547433259,27.470025,1.087552082018131,0.6727924487079023,0.3705709849395387,9.676606894347579
20-scale_6_im_4_col.png,./Clustering_PRJ/styrofoam\train\20-scale_6_im_4_col.png,styrofoam,140.64065,14.037888643863079,2.908873808739795,16.886483608898487,23.320575,0.3269122938814677,0.8834533734924456,0.7584410800797898,4.317073594120491
20-scale_6_im_5_col.png,./Clustering_PRJ/styrofoam\train\20-scale_6_im_5_col.png,styrofoam,124.6871,17.966833154176058,2.0698422774186747,10.084212394517154,26.737225,0.572556501098457,0.7920206998943728,0.5187609034091658,6.770736731989921
20-scale_6_im_6_col.png,./Clustering_PRJ/styrofoam\train\20-scale_6_im_6_col.png,styrofoam,143.1821,22.02067527552232,0.6888146696006886,2.024954991966971,25.2311,0.8002718050049242,0.7205628482196156,0.429759421541871,8.560560984179967
20-scale_6_im_7_col.png,./Clustering_PRJ/styrofoam\train\20-scale_6_im_7_col.png,styrofoam,134.9936,18.713372465699496,2.5788970423395154,10.938790676892905,23.867975,0.6748251306785182,0.7723704223986104,0.48997223758087183,7.185168404069872
20-scale_6_im_8_col.png,./Clustering_PRJ/styrofoam\train\20-scale_6_im_8_col.png,styrofoam,128.7275,17.6234713876126,3.0256381808881243,14.690039575205748,23.95705,0.6664195348602306,0.7725605093021306,0.4931560741181616,6.9067682326505935
20-scale_6_im_9_col.png,./Clustering_PRJ/styrofoam\train\20-scale_6_im_9_col.png,styrofoam,137.40345,30.63024776421993,0.8925722322778056,1.440388725523487,32.21745,1.4502935847579608,0.6309518236427905,0.320178390358274,10.723320529111268
20-scale_7_im_1_col.png,./Clustering_PRJ/styrofoam\train\20-scale_7_im_1_col.png,styrofoam,139.034725,14.999693969357342,3.0772776820522156,15.85894864279432,23.368275,0.39988510391151744,0.864657622225135,0.7142992459359989,4.915758889614757
20-scale_7_im_2_col.png,./Clustering_PRJ/styrofoam\train\20-scale_7_im_2_col.png,styrofoam,130.55475,16.119806215879272,3.012386558533925,16.182649165518544,24.73745,0.5517509343198403,0.8013506800041956,0.4920247800251942,6.710515818284371
20-scale_7_im_3_col.png,./Clustering_PRJ/styrofoam\train\20-scale_7_im_3_col.png,styrofoam,149.457625,21.27291363117368,0.7805198748158115,2.4523474730921846,24.8992,0.7470627635665765,0.7359957332593983,0.4524121279681965,8.261558671124234
20-scale_7_im_4_col.png,./Clustering_PRJ/styrofoam\train\20-scale_7_im_4_col.png,styrofoam,135.072975,12.726871164955469,3.002508983951531,20.207797415184395,22.5551,0.3534907578091464,0.8588906852356782,0.6453292562544821,5.178551698835771
20-scale_7_im_5_col.png,./Clustering_PRJ/styrofoam\train\20-scale_7_im_5_col.png,styrofoam,126.35865,16.40402603562613,2.1027263013326447,11.113659862389243,25.168625,0.5028354397616224,0.8116512777690589,0.51367239917741,6.54048493034977
20-scale_7_im_6_col.png,./Clustering_PRJ/styrofoam\train\20-scale_7_im_6_col.png,styrofoam,138.790875,19.01361201177659,0.7688226807197638,2.9342443767047737,23.5497,0.6186872490593672,0.7607478320368984,0.478920021554319,7.602771541656323
20-scale_7_im_7_col.png,./Clustering_PRJ/styrofoam\train\20-scale_7_im_7_col.png,styrofoam,132.58255,16.935044596855953,2.865900910437271,13.487695700269718,23.868875,0.6154046299335876,0.7857853398309906,0.4844971628680756,6.972920344252817
20-scale_7_im_8_col.png,./Clustering_PRJ/styrofoam\train\20-scale_7_im_8_col.png,styrofoam,126.6565,16.466924659753563,3.3454057396607157,17.120646622075117,22.81895,0.5970663935254159,0.7990962069351051,0.5616998286420855,6.232921541819146
20-scale_7_im_9_col.png,./Clustering_PRJ/styrofoam\train\20-scale_7_im_9_col.png,styrofoam,134.687475,24.87772604408158,1.0762104147872815,2.6624445260790095,26.580925,0.962144232468877,0.6988818569845467,0.3830362579049226,9.221977815871414
20-scale_8_im_1_col.png,./Clustering_PRJ/styrofoam\train\20-scale_8_im_1_col.png,styrofoam,137.3339,14.041925109827355,3.2549807429735327,17.556768072454012,23.173375,0.4011654693063307,0.8594422241556388,0.702061656859791,4.938204328416
20-scale_8_im_2_col.png,./Clustering_PRJ/styrofoam\train\20-scale_8_im_2_col.png,styrofoam,131.583775,14.724786305728685,2.776949968424456,15.330860767406094,23.39105,0.4882438574783466,0.8148132323547295,0.5125428199161903,6.426825771782776
20-scale_8_im_3_col.png,./Clustering_PRJ/styrofoam\train\20-scale_8_im_3_col.png,styrofoam,142.15555,21.368621953637998,0.8293725119363498,2.5808390926799145,24.870675,0.7777204174137018,0.7302139869948209,0.44390921489966073,8.330395968936443
20-scale_8_im_4_col.png,./Clustering_PRJ/styrofoam\train\20-scale_8_im_4_col.png,styrofoam,134.739775,12.397449655044985,3.1635266017997723,20.92007352313238,22.49595,0.3623071387086184,0.8582992935413095,0.6462195154178838,5.184397388156606
20-scale_8_im_5_col.png,./Clustering_PRJ/styrofoam\train\20-scale_8_im_5_col.png,styrofoam,125.26365,16.695803025835566,1.812849458529043,8.993925752100832,24.9392,0.4522647155374865,0.8313725677776089,0.5319404659355935,6.39424059447352
20-scale_8_im_6_col.png,./Clustering_PRJ/styrofoam\train\20-scale_8_im_6_col.png,styrofoam,139.24745,17.671191767888775,0.7727567404567947,3.3107154864799275,22.52095,0.531229987879094,0.7834007839197124,0.5107991370034504,7.125992190806321
20-scale_8_im_7_col.png,./Clustering_PRJ/styrofoam\train\20-scale_8_im_7_col.png,styrofoam,129.49735,16.69655781823008,2.8108654893355007,13.168893273057883,23.286325,0.5926073836519282,0.7938528221155348,0.4901826599034462,6.833278993060738
20-scale_8_im_8_col.png,./Clustering_PRJ/styrofoam\train\20-scale_8_im_8_col.png,styrofoam,124.230125,15.068013056948653,3.3960079284802487,18.539685849255292,22.7555,0.4951959546476099,0.8320911484114086,0.6425723419864289,5.379844789814495
20-scale_8_im_9_col.png,./Clustering_PRJ/styrofoam\train\20-scale_8_im_9_col.png,styrofoam,133.397925,20.39295174059839,1.5483843492507667,5.61021632796373,23.80625,0.7061836191005275,0.7544672171492206,0.4437857664970365,7.842205038800535
20-scale_9_im_1_col.png,./Clustering_PRJ/styrofoam\train\20-scale_9_im_1_col.png,styrofoam,133.037675,13.581798687742909,3.361186231598927,19.812184923293323,23.52495,0.48064528042221166,0.8178576909451187,0.5547322476093606,6.112062636359164
20-scale_9_im_2_col.png,./Clustering_PRJ/styrofoam\train\20-scale_9_im_2_col.png,styrofoam,126.7742,13.974207110244217,2.8169646632674703,17.064463603678494,22.15985,0.4209049013913789,0.8398159641861959,0.5408319844796647,5.997517262388913
20-scale_9_im_3_col.png,./Clustering_PRJ/styrofoam\train\20-scale_9_im_3_col.png,styrofoam,138.757775,18.793461683505118,1.00427129919285,3.720325110049747,22.96575,0.5728171005782682,0.7793401152171646,0.49124274620992714,7.4054774920378215
20-scale_9_im_4_col.png,./Clustering_PRJ/styrofoam\train\20-scale_9_im_4_col.png,styrofoam,135.98575,12.812948409226504,2.0155417641322075,11.900320999880662,21.692225,0.2827183341329765,0.8857387680375319,0.6644493191875379,4.9571725746650035
20-scale_9_im_5_col.png,./Clustering_PRJ/styrofoam\train\20-scale_9_im_5_col.png,styrofoam,116.18745,16.437302470219983,1.5309764785208695,8.233197877081732,24.174425,0.4000489886619024,0.8458362364367493,0.6046417984183321,6.131092214033112
20-scale_9_im_6_col.png,./Clustering_PRJ/styrofoam\train\20-scale_9_im_6_col.png,styrofoam,131.986275,15.795033606307236,1.0842607176389327,5.469329000943247,22.117475,0.4361062851948182,0.8135631966764403,0.5041334769338037,6.536306199652987
20-scale_9_im_7_col.png,./Clustering_PRJ/styrofoam\train\20-scale_9_im_7_col.png,styrofoam,132.35975,15.63115094730711,2.721446087443736,13.476305054015373,22.649775,0.5131914913764805,0.8136073250212729,0.5093439129189468,6.587514789838813
20-scale_9_im_8_col.png,./Clustering_PRJ/styrofoam\train\20-scale_9_im_8_col.png,styrofoam,126.996775,14.319578017503693,3.3839828716783353,18.757231468563237,22.217025,0.5339756887452338,0.8051478024320944,0.5518597478116252,6.128198766988992
20-scale_9_im_9_col.png,./Clustering_PRJ/styrofoam\train\20-scale_9_im_9_col.png,styrofoam,133.83455,20.257327718568902,1.3979024755103535,4.759942209058321,24.0065,0.6614252480997954,0.7651428523734691,0.44709254635272677,7.780487969089068
