image_name,image_path,class,mean_intensity,skewness,hue_mean,homogeneity
15-scale_1_im_2_col.png,./Clustering_PRJ/aluminium_foil\train\15-scale_1_im_2_col.png,aluminium_foil,83.24685,0.9964348083010376,34.8335,0.8578748401016171
15-scale_1_im_3_col.png,./Clustering_PRJ/aluminium_foil\train\15-scale_1_im_3_col.png,aluminium_foil,93.9694,0.8771894393456139,37.588475,0.8676162002367618
15-scale_1_im_4_col.png,./Clustering_PRJ/aluminium_foil\train\15-scale_1_im_4_col.png,aluminium_foil,44.784,2.2936306229576173,35.941125,0.8428511183138268
15-scale_1_im_5_col.png,./Clustering_PRJ/aluminium_foil\train\15-scale_1_im_5_col.png,aluminium_foil,51.5266,2.259061935490134,46.729325,0.8320943115695573
15-scale_1_im_6_col.png,./Clustering_PRJ/aluminium_foil\train\15-scale_1_im_6_col.png,aluminium_foil,56.653375,1.9633517236651683,39.98455,0.8005944857246652
15-scale_1_im_7_col.png,./Clustering_PRJ/aluminium_foil\train\15-scale_1_im_7_col.png,aluminium_foil,111.134625,0.5762727855194479,50.816625,0.8443536526253194
15-scale_1_im_8_col.png,./Clustering_PRJ/aluminium_foil\train\15-scale_1_im_8_col.png,aluminium_foil,104.57305,0.4564101286086577,41.122875,0.8228257465186923
15-scale_1_im_9_col.png,./Clustering_PRJ/aluminium_foil\train\15-scale_1_im_9_col.png,aluminium_foil,80.936925,1.1265251970203782,43.596275,0.8712813389064975
15-scale_2_im_1_col.png,./Clustering_PRJ/aluminium_foil\train\15-scale_2_im_1_col.png,aluminium_foil,118.965075,0.3327146832844248,55.403025,0.7083587249342553
15-scale_2_im_2_col.png,./Clustering_PRJ/aluminium_foil\train\15-scale_2_im_2_col.png,aluminium_foil,83.7524,1.0342644753769754,44.4071,0.7464945413374158
15-scale_2_im_4_col.png,./Clustering_PRJ/aluminium_foil\train\15-scale_2_im_4_col.png,aluminium_foil,78.26805,1.3393597907673045,47.01275,0.7421862992243006
15-scale_2_im_5_col.png,./Clustering_PRJ/aluminium_foil\train\15-scale_2_im_5_col.png,aluminium_foil,70.195075,1.6935084466472907,47.793625,0.7516282954699958
15-scale_2_im_6_col.png,./Clustering_PRJ/aluminium_foil\train\15-scale_2_im_6_col.png,aluminium_foil,74.0887,1.4589433731547083,40.316475,0.7525179356236342
15-scale_2_im_7_col.png,./Clustering_PRJ/aluminium_foil\train\15-scale_2_im_7_col.png,aluminium_foil,97.703675,0.8278666293620051,57.35805,0.7138420764669154
15-scale_2_im_8_col.png,./Clustering_PRJ/aluminium_foil\train\15-scale_2_im_8_col.png,aluminium_foil,106.3982,0.5076653849053626,52.58815,0.7071257301569244
15-scale_2_im_9_col.png,./Clustering_PRJ/aluminium_foil\train\15-scale_2_im_9_col.png,aluminium_foil,82.78595,1.1588380325021073,49.55665,0.7709787808675106
15-scale_3_im_1_col.png,./Clustering_PRJ/aluminium_foil\train\15-scale_3_im_1_col.png,aluminium_foil,120.7862,0.333323950968508,60.933025,0.6537047182216227
15-scale_3_im_2_col.png,./Clustering_PRJ/aluminium_foil\train\15-scale_3_im_2_col.png,aluminium_foil,87.93465,0.8806846073193758,54.95245,0.680555266990505
15-scale_3_im_3_col.png,./Clustering_PRJ/aluminium_foil\train\15-scale_3_im_3_col.png,aluminium_foil,85.26545,1.2241027873683687,48.73195,0.746154341120026
15-scale_3_im_4_col.png,./Clustering_PRJ/aluminium_foil\train\15-scale_3_im_4_col.png,aluminium_foil,71.2125,1.4443531227149786,48.912775,0.7296916774571365
15-scale_3_im_5_col.png,./Clustering_PRJ/aluminium_foil\train\15-scale_3_im_5_col.png,aluminium_foil,78.2099,1.4599438024839737,51.796375,0.7257892312804297
15-scale_3_im_7_col.png,./Clustering_PRJ/aluminium_foil\train\15-scale_3_im_7_col.png,aluminium_foil,98.4456,0.8701729185415487,56.10925,0.6823486491122588
15-scale_3_im_8_col.png,./Clustering_PRJ/aluminium_foil\train\15-scale_3_im_8_col.png,aluminium_foil,99.024025,0.6536870439807129,55.59635,0.6500939190371952
15-scale_3_im_9_col.png,./Clustering_PRJ/aluminium_foil\train\15-scale_3_im_9_col.png,aluminium_foil,76.034725,1.2993815110110647,44.91275,0.7318651947450152
15-scale_4_im_1_col.png,./Clustering_PRJ/aluminium_foil\train\15-scale_4_im_1_col.png,aluminium_foil,121.918625,0.3049131656525666,63.342825,0.6227142002446491
15-scale_4_im_2_col.png,./Clustering_PRJ/aluminium_foil\train\15-scale_4_im_2_col.png,aluminium_foil,90.008675,0.8415070726159551,52.415775,0.671898684997146
15-scale_4_im_3_col.png,./Clustering_PRJ/aluminium_foil\train\15-scale_4_im_3_col.png,aluminium_foil,82.963025,1.2641387479605537,50.206775,0.7172926394913637
15-scale_4_im_4_col.png,./Clustering_PRJ/aluminium_foil\train\15-scale_4_im_4_col.png,aluminium_foil,86.396375,1.070138886764621,53.63505,0.6724567554215131
15-scale_4_im_5_col.png,./Clustering_PRJ/aluminium_foil\train\15-scale_4_im_5_col.png,aluminium_foil,72.82275,1.5186350705071552,47.794425,0.7212821230509501
15-scale_4_im_6_col.png,./Clustering_PRJ/aluminium_foil\train\15-scale_4_im_6_col.png,aluminium_foil,78.342875,1.4122484019974737,44.95555,0.7034493555429239
15-scale_4_im_7_col.png,./Clustering_PRJ/aluminium_foil\train\15-scale_4_im_7_col.png,aluminium_foil,90.00095,0.9948418786071944,53.73575,0.6706218650194612
15-scale_4_im_8_col.png,./Clustering_PRJ/aluminium_foil\train\15-scale_4_im_8_col.png,aluminium_foil,104.399,0.5317696335713805,54.465575,0.6228979367161169
15-scale_4_im_9_col.png,./Clustering_PRJ/aluminium_foil\train\15-scale_4_im_9_col.png,aluminium_foil,73.429375,1.3676738445610632,44.304575,0.7191655795074889
15-scale_5_im_1_col.png,./Clustering_PRJ/aluminium_foil\train\15-scale_5_im_1_col.png,aluminium_foil,119.30365,0.3598611231763061,61.0953,0.5929420643614038
15-scale_5_im_2_col.png,./Clustering_PRJ/aluminium_foil\train\15-scale_5_im_2_col.png,aluminium_foil,88.08535,0.8761735367106713,52.35585,0.6499196138041876
15-scale_5_im_3_col.png,./Clustering_PRJ/aluminium_foil\train\15-scale_5_im_3_col.png,aluminium_foil,85.83235,1.22151788864871,51.01675,0.6999099951010351
15-scale_5_im_4_col.png,./Clustering_PRJ/aluminium_foil\train\15-scale_5_im_4_col.png,aluminium_foil,86.2547,1.0721626970912856,54.6802,0.6645239409709011
15-scale_5_im_5_col.png,./Clustering_PRJ/aluminium_foil\train\15-scale_5_im_5_col.png,aluminium_foil,81.8692,1.411614707757868,56.356,0.6983639217850712
15-scale_5_im_6_col.png,./Clustering_PRJ/aluminium_foil\train\15-scale_5_im_6_col.png,aluminium_foil,80.4312,1.4176239892991522,45.8824,0.7004466540906942
15-scale_5_im_7_col.png,./Clustering_PRJ/aluminium_foil\train\15-scale_5_im_7_col.png,aluminium_foil,99.15245,0.83761482338248,57.23915,0.6369276832886734
15-scale_5_im_8_col.png,./Clustering_PRJ/aluminium_foil\train\15-scale_5_im_8_col.png,aluminium_foil,130.59635,0.1613068342376905,60.059175,0.5898749359730162
15-scale_5_im_9_col.png,./Clustering_PRJ/aluminium_foil\train\15-scale_5_im_9_col.png,aluminium_foil,80.023075,1.2193928123091,47.1092,0.6920477560071612
15-scale_6_im_1_col.png,./Clustering_PRJ/aluminium_foil\train\15-scale_6_im_1_col.png,aluminium_foil,115.821075,0.3824318245901029,61.538775,0.5628346131924845
15-scale_6_im_2_col.png,./Clustering_PRJ/aluminium_foil\train\15-scale_6_im_2_col.png,aluminium_foil,71.316425,1.2154059570418725,47.60195,0.6698056123396368
15-scale_6_im_3_col.png,./Clustering_PRJ/aluminium_foil\train\15-scale_6_im_3_col.png,aluminium_foil,80.7191,1.370315444263624,53.61565,0.7036530891578742
15-scale_6_im_4_col.png,./Clustering_PRJ/aluminium_foil\train\15-scale_6_im_4_col.png,aluminium_foil,86.420775,0.9963999558505828,54.682175,0.6613075618148498
15-scale_6_im_5_col.png,./Clustering_PRJ/aluminium_foil\train\15-scale_6_im_5_col.png,aluminium_foil,76.69135,1.48535569905577,54.293275,0.7019828924641065
15-scale_6_im_6_col.png,./Clustering_PRJ/aluminium_foil\train\15-scale_6_im_6_col.png,aluminium_foil,83.53075,1.3688695464139278,44.322475,0.7035444891739089
15-scale_6_im_7_col.png,./Clustering_PRJ/aluminium_foil\train\15-scale_6_im_7_col.png,aluminium_foil,81.18255,1.102611801579393,54.119725,0.6402387937789702
15-scale_6_im_8_col.png,./Clustering_PRJ/aluminium_foil\train\15-scale_6_im_8_col.png,aluminium_foil,131.726,0.1548421630826481,64.540625,0.5463506278221599
15-scale_6_im_9_col.png,./Clustering_PRJ/aluminium_foil\train\15-scale_6_im_9_col.png,aluminium_foil,80.044225,1.2492875529695049,51.547325,0.6708911669488631
15-scale_7_im_1_col.png,./Clustering_PRJ/aluminium_foil\train\15-scale_7_im_1_col.png,aluminium_foil,128.175375,0.2126000576562467,65.4751,0.5395760503509051
15-scale_7_im_2_col.png,./Clustering_PRJ/aluminium_foil\train\15-scale_7_im_2_col.png,aluminium_foil,76.675375,1.1151682985566431,52.61785,0.6498838613784458
15-scale_7_im_3_col.png,./Clustering_PRJ/aluminium_foil\train\15-scale_7_im_3_col.png,aluminium_foil,90.0829,1.1017171162617083,60.7487,0.6699323421807901
15-scale_7_im_4_col.png,./Clustering_PRJ/aluminium_foil\train\15-scale_7_im_4_col.png,aluminium_foil,82.86565,1.0255916723238645,58.531875,0.6329045889464416
15-scale_7_im_5_col.png,./Clustering_PRJ/aluminium_foil\train\15-scale_7_im_5_col.png,aluminium_foil,64.821625,1.6487337058797065,53.106025,0.7035382806787265
15-scale_7_im_6_col.png,./Clustering_PRJ/aluminium_foil\train\15-scale_7_im_6_col.png,aluminium_foil,87.923275,1.167238292747147,57.23865,0.6627725886826019
15-scale_7_im_7_col.png,./Clustering_PRJ/aluminium_foil\train\15-scale_7_im_7_col.png,aluminium_foil,99.651975,0.7748556153914578,60.635975,0.5897052090796999
15-scale_7_im_8_col.png,./Clustering_PRJ/aluminium_foil\train\15-scale_7_im_8_col.png,aluminium_foil,141.28425,0.0348805264832981,65.9861,0.5329721952122879
15-scale_7_im_9_col.png,./Clustering_PRJ/aluminium_foil\train\15-scale_7_im_9_col.png,aluminium_foil,87.897925,1.1184935914031948,54.570825,0.6609251854274331
15-scale_8_im_1_col.png,./Clustering_PRJ/aluminium_foil\train\15-scale_8_im_1_col.png,aluminium_foil,133.94265,0.1291487209119509,65.04895,0.5136090461983609
15-scale_8_im_2_col.png,./Clustering_PRJ/aluminium_foil\train\15-scale_8_im_2_col.png,aluminium_foil,102.167325,0.6237166961925319,58.143625,0.566755191445146
15-scale_8_im_3_col.png,./Clustering_PRJ/aluminium_foil\train\15-scale_8_im_3_col.png,aluminium_foil,106.517825,0.7814774715608078,54.832325,0.6257430313607756
15-scale_8_im_4_col.png,./Clustering_PRJ/aluminium_foil\train\15-scale_8_im_4_col.png,aluminium_foil,97.729925,0.7331901112826912,60.048,0.581178065296894
15-scale_8_im_5_col.png,./Clustering_PRJ/aluminium_foil\train\15-scale_8_im_5_col.png,aluminium_foil,79.029375,1.2288411449689511,56.575325,0.6396707737512031
15-scale_8_im_6_col.png,./Clustering_PRJ/aluminium_foil\train\15-scale_8_im_6_col.png,aluminium_foil,96.976075,0.9062480641102156,54.695025,0.6115656408712433
15-scale_8_im_7_col.png,./Clustering_PRJ/aluminium_foil\train\15-scale_8_im_7_col.png,aluminium_foil,110.39315,0.5740907443635412,59.932775,0.5506803833879796
15-scale_8_im_8_col.png,./Clustering_PRJ/aluminium_foil\train\15-scale_8_im_8_col.png,aluminium_foil,140.91815,0.0374617908272101,65.55395,0.4979632881803313
15-scale_8_im_9_col.png,./Clustering_PRJ/aluminium_foil\train\15-scale_8_im_9_col.png,aluminium_foil,97.17085,0.8803296590569455,55.167575,0.6052717669447367
15-scale_9_im_1_col.png,./Clustering_PRJ/aluminium_foil\train\15-scale_9_im_1_col.png,aluminium_foil,142.7439,-0.0013847121187996,69.35985,0.4991985911532784
15-scale_9_im_2_col.png,./Clustering_PRJ/aluminium_foil\train\15-scale_9_im_2_col.png,aluminium_foil,111.7112,0.4796473712017463,63.34745,0.5338915003390939
15-scale_9_im_3_col.png,./Clustering_PRJ/aluminium_foil\train\15-scale_9_im_3_col.png,aluminium_foil,107.942675,0.7942707047867545,61.5717,0.599913272545593
15-scale_9_im_4_col.png,./Clustering_PRJ/aluminium_foil\train\15-scale_9_im_4_col.png,aluminium_foil,106.1298,0.5932341039478065,64.841425,0.5498869925055008
15-scale_9_im_5_col.png,./Clustering_PRJ/aluminium_foil\train\15-scale_9_im_5_col.png,aluminium_foil,93.037825,0.999604916584856,64.990425,0.6006554619222148
15-scale_9_im_6_col.png,./Clustering_PRJ/aluminium_foil\train\15-scale_9_im_6_col.png,aluminium_foil,101.241,0.80445702377289,62.73545,0.5896298997546539
15-scale_9_im_7_col.png,./Clustering_PRJ/aluminium_foil\train\15-scale_9_im_7_col.png,aluminium_foil,127.278675,0.3454317925907958,65.0203,0.5270074419824912
15-scale_9_im_8_col.png,./Clustering_PRJ/aluminium_foil\train\15-scale_9_im_8_col.png,aluminium_foil,152.52915,-0.1171490511375825,69.304675,0.4936967018861528
15-scale_9_im_9_col.png,./Clustering_PRJ/aluminium_foil\train\15-scale_9_im_9_col.png,aluminium_foil,101.1379,0.8205846971718825,58.658225,0.5705354048100545
48-scale_1_im_1_col.png,./Clustering_PRJ/brown_bread\train\48-scale_1_im_1_col.png,brown_bread,131.8607,-0.8594039966364837,16.4689,0.9322945348602312
48-scale_1_im_2_col.png,./Clustering_PRJ/brown_bread\train\48-scale_1_im_2_col.png,brown_bread,131.253425,-0.7918817594904495,16.39435,0.9223255410216916
48-scale_1_im_3_col.png,./Clustering_PRJ/brown_bread\train\48-scale_1_im_3_col.png,brown_bread,121.366825,-0.1570619189635521,16.118825,0.8862928019494458
48-scale_1_im_4_col.png,./Clustering_PRJ/brown_bread\train\48-scale_1_im_4_col.png,brown_bread,121.031975,-0.462643544561637,16.09535,0.8617064152420395
48-scale_1_im_5_col.png,./Clustering_PRJ/brown_bread\train\48-scale_1_im_5_col.png,brown_bread,106.702025,0.0355845640222916,16.1607,0.7990140824549543
48-scale_1_im_6_col.png,./Clustering_PRJ/brown_bread\train\48-scale_1_im_6_col.png,brown_bread,110.621975,0.2274919147431809,15.573975,0.7895100479517349
48-scale_1_im_7_col.png,./Clustering_PRJ/brown_bread\train\48-scale_1_im_7_col.png,brown_bread,136.671475,-0.892699956855077,16.3698,0.9248272328981592
48-scale_1_im_8_col.png,./Clustering_PRJ/brown_bread\train\48-scale_1_im_8_col.png,brown_bread,120.7445,-1.1264591152344086,16.201575,0.9349077832630488
48-scale_1_im_9_col.png,./Clustering_PRJ/brown_bread\train\48-scale_1_im_9_col.png,brown_bread,114.795525,0.0298488200904616,15.619225,0.8876448606095805
48-scale_2_im_1_col.png,./Clustering_PRJ/brown_bread\train\48-scale_2_im_1_col.png,brown_bread,140.398825,-0.6709653718123163,16.565875,0.8609359170222974
48-scale_2_im_2_col.png,./Clustering_PRJ/brown_bread\train\48-scale_2_im_2_col.png,brown_bread,127.563375,-0.6396415150798791,16.2689,0.8627800276508168
48-scale_2_im_3_col.png,./Clustering_PRJ/brown_bread\train\48-scale_2_im_3_col.png,brown_bread,118.015775,0.0501841921065427,16.0509,0.8105904377786063
48-scale_2_im_4_col.png,./Clustering_PRJ/brown_bread\train\48-scale_2_im_4_col.png,brown_bread,127.91335,-0.5292686864995582,16.33105,0.8400597864433015
48-scale_2_im_5_col.png,./Clustering_PRJ/brown_bread\train\48-scale_2_im_5_col.png,brown_bread,89.3603,0.0950479387836317,15.3855,0.8276327957775871
48-scale_2_im_6_col.png,./Clustering_PRJ/brown_bread\train\48-scale_2_im_6_col.png,brown_bread,113.64025,0.2162076700389974,15.6715,0.7843699741173867
48-scale_2_im_7_col.png,./Clustering_PRJ/brown_bread\train\48-scale_2_im_7_col.png,brown_bread,125.11165,-0.747722446207006,16.239725,0.868194476298133
48-scale_2_im_8_col.png,./Clustering_PRJ/brown_bread\train\48-scale_2_im_8_col.png,brown_bread,113.132275,-0.9050147393301902,16.17975,0.8792396056917751
48-scale_2_im_9_col.png,./Clustering_PRJ/brown_bread\train\48-scale_2_im_9_col.png,brown_bread,112.455,0.0862733268425887,15.5979,0.8115195422472645
48-scale_3_im_1_col.png,./Clustering_PRJ/brown_bread\train\48-scale_3_im_1_col.png,brown_bread,105.740625,-0.6008865865771653,15.881225,0.8589876234186004
48-scale_3_im_3_col.png,./Clustering_PRJ/brown_bread\train\48-scale_3_im_3_col.png,brown_bread,95.146775,0.2506517656519155,15.08295,0.7825521181677504
48-scale_3_im_4_col.png,./Clustering_PRJ/brown_bread\train\48-scale_3_im_4_col.png,brown_bread,106.04,-0.5026328224850763,15.9213,0.8379029022217206
48-scale_3_im_5_col.png,./Clustering_PRJ/brown_bread\train\48-scale_3_im_5_col.png,brown_bread,89.174175,0.1316235195250338,15.48275,0.7918200067734475
48-scale_3_im_6_col.png,./Clustering_PRJ/brown_bread\train\48-scale_3_im_6_col.png,brown_bread,97.364475,0.2680930980731167,15.26315,0.7708039386745911
48-scale_3_im_7_col.png,./Clustering_PRJ/brown_bread\train\48-scale_3_im_7_col.png,brown_bread,114.952025,-0.5966417489260667,15.9762,0.8348906804938081
48-scale_3_im_8_col.png,./Clustering_PRJ/brown_bread\train\48-scale_3_im_8_col.png,brown_bread,101.838775,-0.7836721159923823,15.805975,0.8735195386480138
48-scale_3_im_9_col.png,./Clustering_PRJ/brown_bread\train\48-scale_3_im_9_col.png,brown_bread,96.3137,0.2100120311677117,15.190925,0.7805087955837993
48-scale_4_im_1_col.png,./Clustering_PRJ/brown_bread\train\48-scale_4_im_1_col.png,brown_bread,101.5921,-0.6614425830773298,15.7516,0.8464310044161095
48-scale_4_im_2_col.png,./Clustering_PRJ/brown_bread\train\48-scale_4_im_2_col.png,brown_bread,89.850325,-0.5332652241204465,15.4587,0.8355645258141136
48-scale_4_im_3_col.png,./Clustering_PRJ/brown_bread\train\48-scale_4_im_3_col.png,brown_bread,83.7273,0.3439757371102215,14.790125,0.7695330351392013
48-scale_4_im_4_col.png,./Clustering_PRJ/brown_bread\train\48-scale_4_im_4_col.png,brown_bread,103.981975,-0.5662642470399651,15.9666,0.8291161165344904
48-scale_4_im_5_col.png,./Clustering_PRJ/brown_bread\train\48-scale_4_im_5_col.png,brown_bread,92.7919,-0.0302689824696421,15.6331,0.7788576021350302
48-scale_4_im_6_col.png,./Clustering_PRJ/brown_bread\train\48-scale_4_im_6_col.png,brown_bread,86.0236,0.2722825093093933,14.8235,0.769596439815211
48-scale_4_im_7_col.png,./Clustering_PRJ/brown_bread\train\48-scale_4_im_7_col.png,brown_bread,107.215125,-0.6946423295583881,15.93315,0.829169044490855
48-scale_4_im_8_col.png,./Clustering_PRJ/brown_bread\train\48-scale_4_im_8_col.png,brown_bread,92.000625,-0.817926426771879,15.362875,0.8570888803313047
48-scale_4_im_9_col.png,./Clustering_PRJ/brown_bread\train\48-scale_4_im_9_col.png,brown_bread,89.928075,0.2933346769034252,15.021525,0.7539425432432862
48-scale_5_im_1_col.png,./Clustering_PRJ/brown_bread\train\48-scale_5_im_1_col.png,brown_bread,101.620025,-0.7202061490953898,15.653075,0.8447995031691118
48-scale_5_im_2_col.png,./Clustering_PRJ/brown_bread\train\48-scale_5_im_2_col.png,brown_bread,91.9262,-0.4981528218672424,15.52885,0.819004702050008
48-scale_5_im_3_col.png,./Clustering_PRJ/brown_bread\train\48-scale_5_im_3_col.png,brown_bread,80.191425,0.2474020227293712,14.708175,0.7684583098191793
48-scale_5_im_4_col.png,./Clustering_PRJ/brown_bread\train\48-scale_5_im_4_col.png,brown_bread,103.636475,-0.6163249964988774,15.983975,0.8267417836670792
48-scale_5_im_5_col.png,./Clustering_PRJ/brown_bread\train\48-scale_5_im_5_col.png,brown_bread,89.9931,-0.0300194319039568,15.736275,0.7656857395163817
48-scale_5_im_6_col.png,./Clustering_PRJ/brown_bread\train\48-scale_5_im_6_col.png,brown_bread,78.842925,0.3740232638772231,14.798275,0.7578461820974173
48-scale_5_im_7_col.png,./Clustering_PRJ/brown_bread\train\48-scale_5_im_7_col.png,brown_bread,111.76585,-0.7005268352851279,16.0215,0.8158752046145595
48-scale_5_im_8_col.png,./Clustering_PRJ/brown_bread\train\48-scale_5_im_8_col.png,brown_bread,95.30675,-0.8394636182379553,15.392175,0.8475797107396279
48-scale_5_im_9_col.png,./Clustering_PRJ/brown_bread\train\48-scale_5_im_9_col.png,brown_bread,78.14525,0.3600411591283425,14.7629,0.7546593313123064
48-scale_6_im_1_col.png,./Clustering_PRJ/brown_bread\train\48-scale_6_im_1_col.png,brown_bread,99.82458440530378,-0.7265742912833728,15.582599445873738,0.8437583351031895
48-scale_6_im_3_col.png,./Clustering_PRJ/brown_bread\train\48-scale_6_im_3_col.png,brown_bread,73.80064484126984,0.3431090826605228,14.526215277777778,0.7482728523474129
48-scale_6_im_4_col.png,./Clustering_PRJ/brown_bread\train\48-scale_6_im_4_col.png,brown_bread,107.9440307768677,-0.6569104410993453,16.138818565400843,0.811942081608153
48-scale_6_im_5_col.png,./Clustering_PRJ/brown_bread\train\48-scale_6_im_5_col.png,brown_bread,72.5578307272276,0.251633992790238,15.280590717299578,0.749105898323218
48-scale_6_im_6_col.png,./Clustering_PRJ/brown_bread\train\48-scale_6_im_6_col.png,brown_bread,84.14049586776859,0.2660788959235751,14.930642846538328,0.7305543439682683
48-scale_6_im_7_col.png,./Clustering_PRJ/brown_bread\train\48-scale_6_im_7_col.png,brown_bread,109.37539888312725,-0.773355751587861,16.030240327084165,0.821200973567703
48-scale_6_im_8_col.png,./Clustering_PRJ/brown_bread\train\48-scale_6_im_8_col.png,brown_bread,96.27444134078212,-0.8452715419073955,15.551750798084598,0.8373241731338967
48-scale_6_im_9_col.png,./Clustering_PRJ/brown_bread\train\48-scale_6_im_9_col.png,brown_bread,73.38896648044692,0.3600312027272021,14.696777733439744,0.740982065636175
48-scale_7_im_1_col.png,./Clustering_PRJ/brown_bread\train\48-scale_7_im_1_col.png,brown_bread,101.74368188162624,-0.7149043783668699,15.892792444985597,0.8143953721186302
48-scale_7_im_2_col.png,./Clustering_PRJ/brown_bread\train\48-scale_7_im_2_col.png,brown_bread,91.36352494893492,-0.5624669676417591,15.770674058943683,0.7969143468387148
48-scale_7_im_3_col.png,./Clustering_PRJ/brown_bread\train\48-scale_7_im_3_col.png,brown_bread,83.43124006359301,0.2432262121382365,14.752682829888712,0.7202781574971591
48-scale_7_im_4_col.png,./Clustering_PRJ/brown_bread\train\48-scale_7_im_4_col.png,brown_bread,97.81492653843424,-0.6226070196016432,15.916566115409184,0.8067576825086905
48-scale_7_im_5_col.png,./Clustering_PRJ/brown_bread\train\48-scale_7_im_5_col.png,brown_bread,72.01488935969869,0.0784017198150145,15.205596751412427,0.7524972929945078
48-scale_7_im_7_col.png,./Clustering_PRJ/brown_bread\train\48-scale_7_im_7_col.png,brown_bread,113.8999768598866,-0.829740107790139,16.369605461066758,0.8163499506232805
48-scale_7_im_8_col.png,./Clustering_PRJ/brown_bread\train\48-scale_7_im_8_col.png,brown_bread,114.48990012765638,-1.0799517156620444,16.32732597431854,0.8271532171217757
48-scale_7_im_9_col.png,./Clustering_PRJ/brown_bread\train\48-scale_7_im_9_col.png,brown_bread,87.80151949184207,0.16494893337671,15.145970855648274,0.7047836015520588
48-scale_8_im_1_col.png,./Clustering_PRJ/brown_bread\train\48-scale_8_im_1_col.png,brown_bread,122.74161184210526,-0.9735959982173422,16.506842105263157,0.8002946877884995
48-scale_8_im_2_col.png,./Clustering_PRJ/brown_bread\train\48-scale_8_im_2_col.png,brown_bread,106.94190414507771,-0.7120522756711966,16.19332901554404,0.7611415722987649
48-scale_8_im_3_col.png,./Clustering_PRJ/brown_bread\train\48-scale_8_im_3_col.png,brown_bread,100.31836915426275,0.0493627419367598,15.633945297864368,0.681101771311965
48-scale_8_im_4_col.png,./Clustering_PRJ/brown_bread\train\48-scale_8_im_4_col.png,brown_bread,104.38568559954102,-0.6305678473038113,16.20288296041308,0.7880669854586725
48-scale_8_im_5_col.png,./Clustering_PRJ/brown_bread\train\48-scale_8_im_5_col.png,brown_bread,84.66382352941176,0.0181513798334338,15.640367647058824,0.703568445670794
48-scale_8_im_6_col.png,./Clustering_PRJ/brown_bread\train\48-scale_8_im_6_col.png,brown_bread,106.06978527607362,0.0834082243274302,15.936388036809817,0.6598125171208076
48-scale_8_im_7_col.png,./Clustering_PRJ/brown_bread\train\48-scale_8_im_7_col.png,brown_bread,111.98164285714286,-0.8250520886958689,16.361285714285714,0.8054509971170207
48-scale_8_im_8_col.png,./Clustering_PRJ/brown_bread\train\48-scale_8_im_8_col.png,brown_bread,126.98058139534884,-1.1645033804845968,16.483720930232558,0.8162877791742765
48-scale_8_im_9_col.png,./Clustering_PRJ/brown_bread\train\48-scale_8_im_9_col.png,brown_bread,103.4698121645796,0.0488048245669608,15.936568276684556,0.6716009475620831
48-scale_9_im_1_col.png,./Clustering_PRJ/brown_bread\train\48-scale_9_im_1_col.png,brown_bread,121.68219696969696,-0.9122971612601958,16.450047348484848,0.7886520791779236
48-scale_9_im_2_col.png,./Clustering_PRJ/brown_bread\train\48-scale_9_im_2_col.png,brown_bread,120.53133796986256,-0.7728095632406244,16.516600430534858,0.7461535323121797
48-scale_9_im_3_col.png,./Clustering_PRJ/brown_bread\train\48-scale_9_im_3_col.png,brown_bread,105.51423611111112,0.0232803771905981,15.825043402777778,0.6570714716244572
48-scale_9_im_4_col.png,./Clustering_PRJ/brown_bread\train\48-scale_9_im_4_col.png,brown_bread,117.29194822499286,-0.7721000637732937,16.45493480536785,0.8051797590308394
48-scale_9_im_5_col.png,./Clustering_PRJ/brown_bread\train\48-scale_9_im_5_col.png,brown_bread,101.0613880742913,-0.188406696436687,16.256891495601174,0.7031046435095447
48-scale_9_im_6_col.png,./Clustering_PRJ/brown_bread\train\48-scale_9_im_6_col.png,brown_bread,105.55060969564786,0.0840925941073266,15.932189947457124,0.6530712828105179
48-scale_9_im_7_col.png,./Clustering_PRJ/brown_bread\train\48-scale_9_im_7_col.png,brown_bread,129.42193277310923,-0.7748279585956129,16.560546218487396,0.767031618297543
48-scale_9_im_8_col.png,./Clustering_PRJ/brown_bread\train\48-scale_9_im_8_col.png,brown_bread,129.3572690091095,-1.166268291283643,16.522866703848297,0.8200432251676641
48-scale_9_im_9_col.png,./Clustering_PRJ/brown_bread\train\48-scale_9_im_9_col.png,brown_bread,96.52677654423633,0.1209563059079889,15.621166919352472,0.6637068816951283
42-scale_1_im_1_col.png,./Clustering_PRJ/corduroy\train\42-scale_1_im_1_col.png,corduroy,117.29445,-0.0952278368758755,17.605125,0.9478507802833264
42-scale_1_im_2_col.png,./Clustering_PRJ/corduroy\train\42-scale_1_im_2_col.png,corduroy,108.19375,-0.6977057961562673,16.956825,0.937035365268554
42-scale_1_im_3_col.png,./Clustering_PRJ/corduroy\train\42-scale_1_im_3_col.png,corduroy,114.690425,0.3267168345109864,18.03525,0.9060014614529937
42-scale_1_im_4_col.png,./Clustering_PRJ/corduroy\train\42-scale_1_im_4_col.png,corduroy,101.914425,-0.5457444036105206,18.35005,0.8735274046109947
42-scale_1_im_5_col.png,./Clustering_PRJ/corduroy\train\42-scale_1_im_5_col.png,corduroy,100.273125,-0.7600060930738397,18.3643,0.842307656372314
42-scale_1_im_6_col.png,./Clustering_PRJ/corduroy\train\42-scale_1_im_6_col.png,corduroy,120.54235,0.0286849198083686,19.152075,0.7693718624529683
42-scale_1_im_7_col.png,./Clustering_PRJ/corduroy\train\42-scale_1_im_7_col.png,corduroy,115.8975,-0.2507569317895917,17.6853,0.9422221345420572
42-scale_1_im_8_col.png,./Clustering_PRJ/corduroy\train\42-scale_1_im_8_col.png,corduroy,105.8738,-0.4924364456111842,17.0969,0.9333018736900583
42-scale_1_im_9_col.png,./Clustering_PRJ/corduroy\train\42-scale_1_im_9_col.png,corduroy,118.171575,0.1241330088720584,18.60305,0.9013558369738136
42-scale_2_im_1_col.png,./Clustering_PRJ/corduroy\train\42-scale_2_im_1_col.png,corduroy,115.08795,-0.1194550692365781,17.254125,0.9036630482816088
42-scale_2_im_2_col.png,./Clustering_PRJ/corduroy\train\42-scale_2_im_2_col.png,corduroy,106.03095,-0.6647906236181436,17.001175,0.8970648184389283
42-scale_2_im_3_col.png,./Clustering_PRJ/corduroy\train\42-scale_2_im_3_col.png,corduroy,114.6152,0.2894804113314624,18.08865,0.7874875950102271
42-scale_2_im_4_col.png,./Clustering_PRJ/corduroy\train\42-scale_2_im_4_col.png,corduroy,114.659425,-0.1948318693974119,17.407875,0.8527931018156109
42-scale_2_im_5_col.png,./Clustering_PRJ/corduroy\train\42-scale_2_im_5_col.png,corduroy,116.71835,-0.7969812290301115,17.374225,0.8027130488757712
42-scale_2_im_7_col.png,./Clustering_PRJ/corduroy\train\42-scale_2_im_7_col.png,corduroy,117.321975,-0.2380847499667328,17.3691,0.8951592699679299
42-scale_2_im_8_col.png,./Clustering_PRJ/corduroy\train\42-scale_2_im_8_col.png,corduroy,105.213275,-0.5364421801000986,16.868425,0.893328009393702
42-scale_2_im_9_col.png,./Clustering_PRJ/corduroy\train\42-scale_2_im_9_col.png,corduroy,126.205375,0.1975215224982109,18.554025,0.7559320930324099
42-scale_3_im_1_col.png,./Clustering_PRJ/corduroy\train\42-scale_3_im_1_col.png,corduroy,114.178075,0.1956866634629896,17.2338,0.8722664105704401
42-scale_3_im_2_col.png,./Clustering_PRJ/corduroy\train\42-scale_3_im_2_col.png,corduroy,105.7649,-0.6738699470816136,16.695175,0.8351828078836392
42-scale_3_im_3_col.png,./Clustering_PRJ/corduroy\train\42-scale_3_im_3_col.png,corduroy,123.006025,0.2659718067540555,18.271275,0.6699029081633413
42-scale_3_im_4_col.png,./Clustering_PRJ/corduroy\train\42-scale_3_im_4_col.png,corduroy,113.411,-0.1797692240799723,17.2372,0.8292380811090627
42-scale_3_im_5_col.png,./Clustering_PRJ/corduroy\train\42-scale_3_im_5_col.png,corduroy,107.4257,-0.8268673239589907,16.8917,0.771010076988549
42-scale_3_im_6_col.png,./Clustering_PRJ/corduroy\train\42-scale_3_im_6_col.png,corduroy,117.2861,0.2343600255292594,17.884075,0.6643769397391694
42-scale_3_im_7_col.png,./Clustering_PRJ/corduroy\train\42-scale_3_im_7_col.png,corduroy,116.601725,-0.1353401512077243,17.29965,0.8608062769879548
42-scale_3_im_8_col.png,./Clustering_PRJ/corduroy\train\42-scale_3_im_8_col.png,corduroy,104.256925,-0.3803151304028727,16.6708,0.8661940165652382
42-scale_4_im_1_col.png,./Clustering_PRJ/corduroy\train\42-scale_4_im_1_col.png,corduroy,110.391375,0.1357138336207629,17.1253,0.8818616764728163
42-scale_4_im_2_col.png,./Clustering_PRJ/corduroy\train\42-scale_4_im_2_col.png,corduroy,105.943575,-0.6463035682420132,16.7987,0.858671918007121
42-scale_4_im_3_col.png,./Clustering_PRJ/corduroy\train\42-scale_4_im_3_col.png,corduroy,125.0918,0.2632936347206551,18.610425,0.6629121720782449
42-scale_4_im_4_col.png,./Clustering_PRJ/corduroy\train\42-scale_4_im_4_col.png,corduroy,115.0639,-0.0035538608611207,17.412875,0.8417669250776495
42-scale_4_im_6_col.png,./Clustering_PRJ/corduroy\train\42-scale_4_im_6_col.png,corduroy,117.811275,0.2378614677829945,18.17975,0.6616980574814088
42-scale_4_im_7_col.png,./Clustering_PRJ/corduroy\train\42-scale_4_im_7_col.png,corduroy,110.935475,-0.144241014574644,17.105,0.8577608646246307
42-scale_4_im_8_col.png,./Clustering_PRJ/corduroy\train\42-scale_4_im_8_col.png,corduroy,107.0022,-0.2075259274908892,16.61395,0.8666246149087145
42-scale_4_im_9_col.png,./Clustering_PRJ/corduroy\train\42-scale_4_im_9_col.png,corduroy,123.56465,0.2080632970484279,18.411875,0.6425133032360395
42-scale_5_im_1_col.png,./Clustering_PRJ/corduroy\train\42-scale_5_im_1_col.png,corduroy,112.77815,0.1413082498317155,17.216825,0.8763234451150225
42-scale_5_im_2_col.png,./Clustering_PRJ/corduroy\train\42-scale_5_im_2_col.png,corduroy,105.07935,-0.754526870904234,16.59445,0.8368665122092878
42-scale_5_im_3_col.png,./Clustering_PRJ/corduroy\train\42-scale_5_im_3_col.png,corduroy,129.931,0.2724413939911481,18.69835,0.6440821796258175
42-scale_5_im_4_col.png,./Clustering_PRJ/corduroy\train\42-scale_5_im_4_col.png,corduroy,113.1586,-0.0384314210568771,17.2894,0.8338714742051969
42-scale_5_im_5_col.png,./Clustering_PRJ/corduroy\train\42-scale_5_im_5_col.png,corduroy,106.1869,-0.9166888030415336,16.45065,0.7502321859073673
42-scale_5_im_6_col.png,./Clustering_PRJ/corduroy\train\42-scale_5_im_6_col.png,corduroy,123.553975,0.2488405382745044,18.45085,0.646416844791501
42-scale_5_im_7_col.png,./Clustering_PRJ/corduroy\train\42-scale_5_im_7_col.png,corduroy,113.696125,-0.2478760581080402,17.313925,0.837813347516477
42-scale_5_im_8_col.png,./Clustering_PRJ/corduroy\train\42-scale_5_im_8_col.png,corduroy,108.356375,-0.3009985196358409,16.637525,0.8419504715790005
42-scale_5_im_9_col.png,./Clustering_PRJ/corduroy\train\42-scale_5_im_9_col.png,corduroy,125.3441,0.1683760221345013,18.4373,0.6288018186300885
42-scale_6_im_1_col.png,./Clustering_PRJ/corduroy\train\42-scale_6_im_1_col.png,corduroy,117.23045,0.1289941385913839,17.183975,0.869660422085301
42-scale_6_im_2_col.png,./Clustering_PRJ/corduroy\train\42-scale_6_im_2_col.png,corduroy,105.679825,-0.6080129482670044,16.87425,0.8497692135299614
42-scale_6_im_3_col.png,./Clustering_PRJ/corduroy\train\42-scale_6_im_3_col.png,corduroy,130.6286,0.2583202311488637,18.529425,0.6481611849543361
42-scale_6_im_4_col.png,./Clustering_PRJ/corduroy\train\42-scale_6_im_4_col.png,corduroy,110.7859,0.1481675386850339,17.122675,0.8437175386985176
42-scale_6_im_5_col.png,./Clustering_PRJ/corduroy\train\42-scale_6_im_5_col.png,corduroy,105.291025,-0.9078580452231904,16.57625,0.7391436698716758
42-scale_6_im_6_col.png,./Clustering_PRJ/corduroy\train\42-scale_6_im_6_col.png,corduroy,130.255125,0.2832441625386926,18.7426,0.6192472537715292
42-scale_6_im_7_col.png,./Clustering_PRJ/corduroy\train\42-scale_6_im_7_col.png,corduroy,120.608575,-0.3855937253270566,17.5167,0.8179415513497135
42-scale_6_im_8_col.png,./Clustering_PRJ/corduroy\train\42-scale_6_im_8_col.png,corduroy,111.004875,-0.4566161407329602,16.7283,0.8228184231458802
42-scale_6_im_9_col.png,./Clustering_PRJ/corduroy\train\42-scale_6_im_9_col.png,corduroy,126.4281,0.10661085852221,18.47925,0.6254066877339015
42-scale_7_im_1_col.png,./Clustering_PRJ/corduroy\train\42-scale_7_im_1_col.png,corduroy,111.354975,0.2214096120952483,17.153475,0.8688990713618343
42-scale_7_im_2_col.png,./Clustering_PRJ/corduroy\train\42-scale_7_im_2_col.png,corduroy,110.3415,-0.7340744679054241,16.8651,0.7971820282316103
42-scale_7_im_3_col.png,./Clustering_PRJ/corduroy\train\42-scale_7_im_3_col.png,corduroy,127.332775,0.2606835064145948,18.464825,0.6693158451681084
42-scale_7_im_4_col.png,./Clustering_PRJ/corduroy\train\42-scale_7_im_4_col.png,corduroy,115.88885,0.0241044958951988,17.5074,0.8224344240044443
42-scale_7_im_5_col.png,./Clustering_PRJ/corduroy\train\42-scale_7_im_5_col.png,corduroy,112.33325,-0.940604705924472,16.77835,0.7085083882685672
42-scale_7_im_6_col.png,./Clustering_PRJ/corduroy\train\42-scale_7_im_6_col.png,corduroy,128.8243,0.1851974977738007,18.586875,0.6132950009060971
42-scale_7_im_7_col.png,./Clustering_PRJ/corduroy\train\42-scale_7_im_7_col.png,corduroy,119.220375,-0.3328481038081838,17.46785,0.8063851512588064
42-scale_7_im_8_col.png,./Clustering_PRJ/corduroy\train\42-scale_7_im_8_col.png,corduroy,111.754875,-0.4153659620260107,16.910075,0.8087856714476906
42-scale_7_im_9_col.png,./Clustering_PRJ/corduroy\train\42-scale_7_im_9_col.png,corduroy,122.3353,0.1468543362010012,18.392675,0.5977363012366228
42-scale_8_im_1_col.png,./Clustering_PRJ/corduroy\train\42-scale_8_im_1_col.png,corduroy,113.62545,0.1427373721130477,17.31365,0.856740104416555
42-scale_8_im_2_col.png,./Clustering_PRJ/corduroy\train\42-scale_8_im_2_col.png,corduroy,111.329375,-0.8581369736054584,17.03415,0.7505687766723061
42-scale_8_im_3_col.png,./Clustering_PRJ/corduroy\train\42-scale_8_im_3_col.png,corduroy,128.350925,0.251575348522254,18.607175,0.6276885571014308
42-scale_8_im_4_col.png,./Clustering_PRJ/corduroy\train\42-scale_8_im_4_col.png,corduroy,110.816475,0.0630882592047753,17.19885,0.8194524759475772
42-scale_8_im_5_col.png,./Clustering_PRJ/corduroy\train\42-scale_8_im_5_col.png,corduroy,110.804975,-0.8582763542288705,16.377,0.6553617796513435
42-scale_8_im_6_col.png,./Clustering_PRJ/corduroy\train\42-scale_8_im_6_col.png,corduroy,129.9039,0.2748935810278273,18.57885,0.5984615895937544
42-scale_8_im_7_col.png,./Clustering_PRJ/corduroy\train\42-scale_8_im_7_col.png,corduroy,120.369075,-0.3403304644327555,17.505125,0.7844737222544885
42-scale_8_im_8_col.png,./Clustering_PRJ/corduroy\train\42-scale_8_im_8_col.png,corduroy,117.0145,-0.5339270282164297,17.353675,0.7819803919092951
42-scale_8_im_9_col.png,./Clustering_PRJ/corduroy\train\42-scale_8_im_9_col.png,corduroy,125.60555,0.0138569389923864,18.460925,0.588607651496186
42-scale_9_im_1_col.png,./Clustering_PRJ/corduroy\train\42-scale_9_im_1_col.png,corduroy,117.110025,0.1386538603389676,17.5467,0.8384562637307138
42-scale_9_im_2_col.png,./Clustering_PRJ/corduroy\train\42-scale_9_im_2_col.png,corduroy,112.914725,-0.8203660226947541,17.09765,0.7317068098027829
42-scale_9_im_3_col.png,./Clustering_PRJ/corduroy\train\42-scale_9_im_3_col.png,corduroy,129.746575,0.3012941447781395,18.688675,0.5958668113041847
42-scale_9_im_4_col.png,./Clustering_PRJ/corduroy\train\42-scale_9_im_4_col.png,corduroy,118.54895,-0.0927470329889445,18.054825,0.7864604239791921
42-scale_9_im_5_col.png,./Clustering_PRJ/corduroy\train\42-scale_9_im_5_col.png,corduroy,113.659525,-0.7882598168185334,16.5012,0.6255558139128987
42-scale_9_im_6_col.png,./Clustering_PRJ/corduroy\train\42-scale_9_im_6_col.png,corduroy,127.07705,0.1620709757763334,18.498975,0.6183054418903222
42-scale_9_im_7_col.png,./Clustering_PRJ/corduroy\train\42-scale_9_im_7_col.png,corduroy,122.2552,-0.3006503425315721,17.92135,0.7615965190272973
42-scale_9_im_8_col.png,./Clustering_PRJ/corduroy\train\42-scale_9_im_8_col.png,corduroy,118.6766,-0.5124615795848431,17.6809,0.7575922293628949
42-scale_9_im_9_col.png,./Clustering_PRJ/corduroy\train\42-scale_9_im_9_col.png,corduroy,127.702275,-0.0102329992223205,18.61855,0.5690537281184109
46-scale_1_im_1_col.png,./Clustering_PRJ/cotton\train\46-scale_1_im_1_col.png,cotton,142.0474,-0.0367781336330517,17.092875,0.9668782669629556
46-scale_1_im_2_col.png,./Clustering_PRJ/cotton\train\46-scale_1_im_2_col.png,cotton,128.491225,-0.1802173128925018,17.167275,0.8984062744627661
46-scale_1_im_3_col.png,./Clustering_PRJ/cotton\train\46-scale_1_im_3_col.png,cotton,127.0323,0.077063995574649,17.6752,0.8926289266685185
46-scale_1_im_4_col.png,./Clustering_PRJ/cotton\train\46-scale_1_im_4_col.png,cotton,123.437425,-0.0503600901302272,17.26645,0.8554277922274689
46-scale_1_im_5_col.png,./Clustering_PRJ/cotton\train\46-scale_1_im_5_col.png,cotton,108.4352,0.0145981671449121,17.514775,0.7641329827529607
46-scale_1_im_6_col.png,./Clustering_PRJ/cotton\train\46-scale_1_im_6_col.png,cotton,121.8647,0.4125857920256313,18.33985,0.7545185185460261
46-scale_1_im_7_col.png,./Clustering_PRJ/cotton\train\46-scale_1_im_7_col.png,cotton,139.182,-0.1834943609598562,17.54145,0.9303580244185754
46-scale_1_im_8_col.png,./Clustering_PRJ/cotton\train\46-scale_1_im_8_col.png,cotton,128.684625,-0.1107252082933888,17.556675,0.8892425854145096
46-scale_1_im_9_col.png,./Clustering_PRJ/cotton\train\46-scale_1_im_9_col.png,cotton,125.776375,0.0254440483944836,17.7998,0.8854190266659934
46-scale_2_im_1_col.png,./Clustering_PRJ/cotton\train\46-scale_2_im_1_col.png,cotton,140.23705,0.0034637129186713,17.41755,0.784439843690816
46-scale_2_im_2_col.png,./Clustering_PRJ/cotton\train\46-scale_2_im_2_col.png,cotton,121.5944,0.0616601426110139,17.3731,0.7102391129086165
46-scale_2_im_3_col.png,./Clustering_PRJ/cotton\train\46-scale_2_im_3_col.png,cotton,133.181375,0.2454565350379544,18.0921,0.6741663577071559
46-scale_2_im_4_col.png,./Clustering_PRJ/cotton\train\46-scale_2_im_4_col.png,cotton,142.18005,0.1510130304288043,17.364275,0.7138993665861084
46-scale_2_im_5_col.png,./Clustering_PRJ/cotton\train\46-scale_2_im_5_col.png,cotton,118.250125,0.0595494148460612,17.482575,0.62560471864941
46-scale_2_im_6_col.png,./Clustering_PRJ/cotton\train\46-scale_2_im_6_col.png,cotton,126.018925,0.4006139329065407,17.566125,0.6763528385113502
46-scale_2_im_7_col.png,./Clustering_PRJ/cotton\train\46-scale_2_im_7_col.png,cotton,139.66695,0.1197928465950364,17.5306,0.7512720164894822
46-scale_2_im_8_col.png,./Clustering_PRJ/cotton\train\46-scale_2_im_8_col.png,cotton,123.894325,0.0123131762548548,17.455575,0.7894342409282593
46-scale_2_im_9_col.png,./Clustering_PRJ/cotton\train\46-scale_2_im_9_col.png,cotton,129.11195,0.3420490943495289,17.982275,0.6689703529556879
46-scale_3_im_1_col.png,./Clustering_PRJ/cotton\train\46-scale_3_im_1_col.png,cotton,137.30465,0.0101863386284079,17.42175,0.7356079163553507
46-scale_3_im_2_col.png,./Clustering_PRJ/cotton\train\46-scale_3_im_2_col.png,cotton,128.561625,0.0221964304304175,17.6879,0.6042213643737686
46-scale_3_im_3_col.png,./Clustering_PRJ/cotton\train\46-scale_3_im_3_col.png,cotton,136.8597,0.2476617587278919,18.414575,0.605378517667923
46-scale_3_im_4_col.png,./Clustering_PRJ/cotton\train\46-scale_3_im_4_col.png,cotton,130.111925,0.0340334094003047,17.641275,0.6958747411681525
46-scale_3_im_5_col.png,./Clustering_PRJ/cotton\train\46-scale_3_im_5_col.png,cotton,122.24005,0.0308099352400589,17.8746,0.553173071595614
46-scale_3_im_6_col.png,./Clustering_PRJ/cotton\train\46-scale_3_im_6_col.png,cotton,129.354225,0.3629631729157987,18.148025,0.6258954698542165
46-scale_3_im_7_col.png,./Clustering_PRJ/cotton\train\46-scale_3_im_7_col.png,cotton,138.087925,0.0675932674105092,17.5783,0.6829211667634657
46-scale_3_im_8_col.png,./Clustering_PRJ/cotton\train\46-scale_3_im_8_col.png,cotton,130.627375,-0.0414582466858386,17.2433,0.7191426688942795
46-scale_3_im_9_col.png,./Clustering_PRJ/cotton\train\46-scale_3_im_9_col.png,cotton,136.613125,0.3396473272727939,18.0233,0.5863544560604292
46-scale_4_im_1_col.png,./Clustering_PRJ/cotton\train\46-scale_4_im_1_col.png,cotton,135.564,0.005821002544336,17.398125,0.7116014147370017
46-scale_4_im_2_col.png,./Clustering_PRJ/cotton\train\46-scale_4_im_2_col.png,cotton,122.334475,-0.0219041659386748,17.5762,0.5652696071051957
46-scale_4_im_3_col.png,./Clustering_PRJ/cotton\train\46-scale_4_im_3_col.png,cotton,134.368725,0.2775711726926698,18.3646,0.5689035698113571
46-scale_4_im_4_col.png,./Clustering_PRJ/cotton\train\46-scale_4_im_4_col.png,cotton,128.46665,-0.0193531424501281,17.474875,0.665539081380892
46-scale_4_im_5_col.png,./Clustering_PRJ/cotton\train\46-scale_4_im_5_col.png,cotton,119.026175,0.0416128593310998,17.803375,0.5173005708040648
46-scale_4_im_6_col.png,./Clustering_PRJ/cotton\train\46-scale_4_im_6_col.png,cotton,132.24475,0.3417697456136486,18.15125,0.5906189435874528
46-scale_4_im_7_col.png,./Clustering_PRJ/cotton\train\46-scale_4_im_7_col.png,cotton,137.107225,0.0770212971926317,17.339275,0.659844858715689
46-scale_4_im_8_col.png,./Clustering_PRJ/cotton\train\46-scale_4_im_8_col.png,cotton,123.555325,-0.0652061011060469,17.28925,0.7121183398146512
46-scale_4_im_9_col.png,./Clustering_PRJ/cotton\train\46-scale_4_im_9_col.png,cotton,130.5347,0.3794638813486918,18.127775,0.5657235298516731
46-scale_5_im_1_col.png,./Clustering_PRJ/cotton\train\46-scale_5_im_1_col.png,cotton,137.059775,0.001922408778754,17.29795,0.6816208442077369
46-scale_5_im_2_col.png,./Clustering_PRJ/cotton\train\46-scale_5_im_2_col.png,cotton,123.546225,-0.083357052083598,17.60755,0.5536984224625937
46-scale_5_im_3_col.png,./Clustering_PRJ/cotton\train\46-scale_5_im_3_col.png,cotton,138.942425,0.2037563876165815,18.407675,0.5900627167620316
46-scale_5_im_4_col.png,./Clustering_PRJ/cotton\train\46-scale_5_im_4_col.png,cotton,136.761525,-0.0767479123311812,17.2799,0.6452307821994989
46-scale_5_im_5_col.png,./Clustering_PRJ/cotton\train\46-scale_5_im_5_col.png,cotton,117.91235,0.0951201895131344,17.664275,0.5132002026064062
46-scale_5_im_6_col.png,./Clustering_PRJ/cotton\train\46-scale_5_im_6_col.png,cotton,137.93865,0.2923774140178283,18.198925,0.5725310735331537
46-scale_5_im_7_col.png,./Clustering_PRJ/cotton\train\46-scale_5_im_7_col.png,cotton,136.04875,0.0624292204602935,17.369375,0.6342772835504751
46-scale_5_im_8_col.png,./Clustering_PRJ/cotton\train\46-scale_5_im_8_col.png,cotton,124.15665,-0.0798077456048149,17.074925,0.7091794083482741
46-scale_6_im_1_col.png,./Clustering_PRJ/cotton\train\46-scale_6_im_1_col.png,cotton,139.49775,0.0224451547525588,17.1921,0.7269501685563496
46-scale_6_im_2_col.png,./Clustering_PRJ/cotton\train\46-scale_6_im_2_col.png,cotton,127.9411,-0.1305231329707451,17.39235,0.5752301223082601
46-scale_6_im_3_col.png,./Clustering_PRJ/cotton\train\46-scale_6_im_3_col.png,cotton,136.38375,0.2570359223086744,17.917225,0.602331619742337
46-scale_6_im_4_col.png,./Clustering_PRJ/cotton\train\46-scale_6_im_4_col.png,cotton,137.240275,0.0017148762079551,17.213675,0.7265437836165753
46-scale_6_im_5_col.png,./Clustering_PRJ/cotton\train\46-scale_6_im_5_col.png,cotton,122.2256,0.156385773043872,17.497125,0.5485023199029092
46-scale_6_im_6_col.png,./Clustering_PRJ/cotton\train\46-scale_6_im_6_col.png,cotton,133.64785,0.2186115008279171,18.009225,0.6377767335792175
46-scale_6_im_7_col.png,./Clustering_PRJ/cotton\train\46-scale_6_im_7_col.png,cotton,138.495725,0.1133653014945892,17.243925,0.6569623273402188
46-scale_6_im_8_col.png,./Clustering_PRJ/cotton\train\46-scale_6_im_8_col.png,cotton,128.1264,-0.046734448878722,17.174,0.7214894983712532
46-scale_6_im_9_col.png,./Clustering_PRJ/cotton\train\46-scale_6_im_9_col.png,cotton,136.0746,0.3472470686401008,17.835125,0.5901406590125643
46-scale_7_im_1_col.png,./Clustering_PRJ/cotton\train\46-scale_7_im_1_col.png,cotton,130.800175,0.0300323204870624,16.981225,0.7166769052549179
46-scale_7_im_2_col.png,./Clustering_PRJ/cotton\train\46-scale_7_im_2_col.png,cotton,127.887,-0.1680190890580342,17.32705,0.6401494469836619
46-scale_7_im_3_col.png,./Clustering_PRJ/cotton\train\46-scale_7_im_3_col.png,cotton,134.5031,0.2357422326474921,17.996775,0.6250928461773839
46-scale_7_im_5_col.png,./Clustering_PRJ/cotton\train\46-scale_7_im_5_col.png,cotton,121.0754,0.1951965144390384,17.465525,0.6446490318129223
46-scale_7_im_6_col.png,./Clustering_PRJ/cotton\train\46-scale_7_im_6_col.png,cotton,133.18785,0.1523241922074731,17.867375,0.6701680847334514
46-scale_7_im_7_col.png,./Clustering_PRJ/cotton\train\46-scale_7_im_7_col.png,cotton,131.139325,0.1421099724282341,16.949575,0.7270352421656019
46-scale_7_im_8_col.png,./Clustering_PRJ/cotton\train\46-scale_7_im_8_col.png,cotton,128.274525,-0.0209224467058364,17.052775,0.7136217140981288
46-scale_7_im_9_col.png,./Clustering_PRJ/cotton\train\46-scale_7_im_9_col.png,cotton,128.8977,0.3016076762417428,17.59495,0.6530101822666391
46-scale_8_im_1_col.png,./Clustering_PRJ/cotton\train\46-scale_8_im_1_col.png,cotton,130.0613,0.1228044101973367,17.2295,0.7381741559556578
46-scale_8_im_2_col.png,./Clustering_PRJ/cotton\train\46-scale_8_im_2_col.png,cotton,130.42805,-0.1867640654906822,17.244,0.7283687091235069
46-scale_8_im_3_col.png,./Clustering_PRJ/cotton\train\46-scale_8_im_3_col.png,cotton,127.861325,0.2250014453231599,18.09365,0.7335932888281195
46-scale_8_im_4_col.png,./Clustering_PRJ/cotton\train\46-scale_8_im_4_col.png,cotton,129.096575,0.0583562546649594,17.14515,0.7966163606979622
46-scale_8_im_5_col.png,./Clustering_PRJ/cotton\train\46-scale_8_im_5_col.png,cotton,124.216075,0.1616058208714865,18.406125,0.766524977273301
46-scale_8_im_6_col.png,./Clustering_PRJ/cotton\train\46-scale_8_im_6_col.png,cotton,128.035625,0.150379318769943,17.80685,0.7574786862928297
46-scale_8_im_7_col.png,./Clustering_PRJ/cotton\train\46-scale_8_im_7_col.png,cotton,132.5157,0.2641510062092047,16.84935,0.8394453422893362
46-scale_8_im_9_col.png,./Clustering_PRJ/cotton\train\46-scale_8_im_9_col.png,cotton,125.210275,0.1928400532286007,17.78315,0.7555347813186535
46-scale_9_im_1_col.png,./Clustering_PRJ/cotton\train\46-scale_9_im_1_col.png,cotton,131.13395,-0.2471593170770035,17.121175,0.9648645394055706
46-scale_9_im_2_col.png,./Clustering_PRJ/cotton\train\46-scale_9_im_2_col.png,cotton,128.730825,-0.4247529440054647,17.143475,0.8129165141031793
46-scale_9_im_3_col.png,./Clustering_PRJ/cotton\train\46-scale_9_im_3_col.png,cotton,129.08215,0.0981456775999776,17.40605,0.8095903828186157
46-scale_9_im_4_col.png,./Clustering_PRJ/cotton\train\46-scale_9_im_4_col.png,cotton,129.060475,-0.1566265248525774,17.184025,0.962094091689604
46-scale_9_im_5_col.png,./Clustering_PRJ/cotton\train\46-scale_9_im_5_col.png,cotton,123.311875,-0.201076375054162,25.19375,0.8240994734981438
46-scale_9_im_6_col.png,./Clustering_PRJ/cotton\train\46-scale_9_im_6_col.png,cotton,128.62845,-0.0105670483395225,17.484,0.8368463264816544
46-scale_9_im_7_col.png,./Clustering_PRJ/cotton\train\46-scale_9_im_7_col.png,cotton,131.594375,-0.3603531709896753,17.0326,0.9741639731319915
46-scale_9_im_8_col.png,./Clustering_PRJ/cotton\train\46-scale_9_im_8_col.png,cotton,130.74,-0.4588043534074335,17.07115,0.9704041406782656
46-scale_9_im_9_col.png,./Clustering_PRJ/cotton\train\46-scale_9_im_9_col.png,cotton,130.77605,-0.0396192919351918,17.61075,0.9395887098810636
60-scale_1_im_1_col.png,./Clustering_PRJ/cracker\train\60-scale_1_im_1_col.png,cracker,133.13185,-0.083176674962656,14.39575,0.9252778812403726
60-scale_1_im_2_col.png,./Clustering_PRJ/cracker\train\60-scale_1_im_2_col.png,cracker,137.725325,-0.2448195609862711,14.354775,0.913698896492513
60-scale_1_im_3_col.png,./Clustering_PRJ/cracker\train\60-scale_1_im_3_col.png,cracker,136.250475,-0.4096941193075044,14.4789,0.8860731294664277
60-scale_1_im_4_col.png,./Clustering_PRJ/cracker\train\60-scale_1_im_4_col.png,cracker,97.94855,0.3090592925782674,14.455675,0.8123226108743541
60-scale_1_im_5_col.png,./Clustering_PRJ/cracker\train\60-scale_1_im_5_col.png,cracker,94.315475,0.3059526440573262,15.222075,0.7981453244273392
60-scale_1_im_6_col.png,./Clustering_PRJ/cracker\train\60-scale_1_im_6_col.png,cracker,83.308375,0.5860767189847175,14.745175,0.8028107161212505
60-scale_1_im_8_col.png,./Clustering_PRJ/cracker\train\60-scale_1_im_8_col.png,cracker,121.0812,-0.3005940206638517,14.48105,0.9246370830282064
60-scale_1_im_9_col.png,./Clustering_PRJ/cracker\train\60-scale_1_im_9_col.png,cracker,154.902025,-0.3113786781936947,13.80275,0.889843902300447
60-scale_2_im_1_col.png,./Clustering_PRJ/cracker\train\60-scale_2_im_1_col.png,cracker,124.27945,-0.1672863155904809,14.34885,0.8246524456453118
60-scale_2_im_2_col.png,./Clustering_PRJ/cracker\train\60-scale_2_im_2_col.png,cracker,114.78115,-0.0086015397320894,14.144925,0.8061390634446246
60-scale_2_im_3_col.png,./Clustering_PRJ/cracker\train\60-scale_2_im_3_col.png,cracker,112.498825,0.2860297392208708,13.8123,0.781225519037695
60-scale_2_im_4_col.png,./Clustering_PRJ/cracker\train\60-scale_2_im_4_col.png,cracker,116.15855,-0.0070773834717956,14.34365,0.7526188411531725
60-scale_2_im_5_col.png,./Clustering_PRJ/cracker\train\60-scale_2_im_5_col.png,cracker,111.66715,0.1306602961593497,14.674975,0.6937861732258892
60-scale_2_im_6_col.png,./Clustering_PRJ/cracker\train\60-scale_2_im_6_col.png,cracker,96.99675,0.4695483783631489,14.01245,0.7141731747559981
60-scale_2_im_7_col.png,./Clustering_PRJ/cracker\train\60-scale_2_im_7_col.png,cracker,125.759,-0.08365002210073,14.37995,0.8102669731105103
60-scale_2_im_8_col.png,./Clustering_PRJ/cracker\train\60-scale_2_im_8_col.png,cracker,123.942025,-0.0142799833551537,14.4438,0.8265850914341142
60-scale_2_im_9_col.png,./Clustering_PRJ/cracker\train\60-scale_2_im_9_col.png,cracker,125.006875,0.2103538658096936,14.0243,0.7657811890519697
60-scale_3_im_1_col.png,./Clustering_PRJ/cracker\train\60-scale_3_im_1_col.png,cracker,124.053575,0.0299295972833908,14.452825,0.6732754992210468
60-scale_3_im_2_col.png,./Clustering_PRJ/cracker\train\60-scale_3_im_2_col.png,cracker,118.9067,-0.0014397837824303,14.307575,0.656957071876041
60-scale_3_im_3_col.png,./Clustering_PRJ/cracker\train\60-scale_3_im_3_col.png,cracker,105.387225,0.5638902147067971,13.86065,0.6484375004105323
60-scale_3_im_4_col.png,./Clustering_PRJ/cracker\train\60-scale_3_im_4_col.png,cracker,126.30095,0.0355012032658777,14.5986,0.6641369167516139
60-scale_3_im_5_col.png,./Clustering_PRJ/cracker\train\60-scale_3_im_5_col.png,cracker,116.57405,0.2280512837716623,14.552975,0.6393623729803729
60-scale_3_im_6_col.png,./Clustering_PRJ/cracker\train\60-scale_3_im_6_col.png,cracker,102.941275,0.5716209045999503,13.866875,0.6586893807224553
60-scale_3_im_7_col.png,./Clustering_PRJ/cracker\train\60-scale_3_im_7_col.png,cracker,130.65965,-0.0347622508077409,14.6208,0.687140807738755
60-scale_3_im_8_col.png,./Clustering_PRJ/cracker\train\60-scale_3_im_8_col.png,cracker,122.167075,-0.0604747787145546,14.371375,0.6939990575374524
60-scale_3_im_9_col.png,./Clustering_PRJ/cracker\train\60-scale_3_im_9_col.png,cracker,112.723875,0.4512803974558917,14.1005,0.6426405640991901
60-scale_4_im_2_col.png,./Clustering_PRJ/cracker\train\60-scale_4_im_2_col.png,cracker,122.003425,-0.0149483629659607,14.44765,0.6522766541139019
60-scale_4_im_3_col.png,./Clustering_PRJ/cracker\train\60-scale_4_im_3_col.png,cracker,105.91925,0.3991870023948493,14.0232,0.6388486052514253
60-scale_4_im_4_col.png,./Clustering_PRJ/cracker\train\60-scale_4_im_4_col.png,cracker,127.218375,0.035797341349353,14.589475,0.664032418322396
60-scale_4_im_5_col.png,./Clustering_PRJ/cracker\train\60-scale_4_im_5_col.png,cracker,116.6507,0.1625825245027284,14.551725,0.624221583061075
60-scale_4_im_6_col.png,./Clustering_PRJ/cracker\train\60-scale_4_im_6_col.png,cracker,103.3127,0.470646335324115,14.13745,0.6328958146269437
60-scale_4_im_7_col.png,./Clustering_PRJ/cracker\train\60-scale_4_im_7_col.png,cracker,132.045275,-0.039906844127184,14.672525,0.6700477524620306
60-scale_4_im_8_col.png,./Clustering_PRJ/cracker\train\60-scale_4_im_8_col.png,cracker,119.88405,0.0201250224051086,14.513225,0.6906323242320932
60-scale_4_im_9_col.png,./Clustering_PRJ/cracker\train\60-scale_4_im_9_col.png,cracker,113.105275,0.2988549956655745,14.301375,0.6344495764846643
60-scale_5_im_1_col.png,./Clustering_PRJ/cracker\train\60-scale_5_im_1_col.png,cracker,126.14995,0.1240834214461838,14.699025,0.6825214154844442
60-scale_5_im_2_col.png,./Clustering_PRJ/cracker\train\60-scale_5_im_2_col.png,cracker,121.4304,0.0514420636589995,14.40875,0.656598701856417
60-scale_5_im_3_col.png,./Clustering_PRJ/cracker\train\60-scale_5_im_3_col.png,cracker,108.963,0.3330231987795259,14.3118,0.6309730813979757
60-scale_5_im_4_col.png,./Clustering_PRJ/cracker\train\60-scale_5_im_4_col.png,cracker,121.21035,0.1037336072112115,14.693075,0.6676320675418849
60-scale_5_im_5_col.png,./Clustering_PRJ/cracker\train\60-scale_5_im_5_col.png,cracker,116.947275,0.1074722496494893,14.548975,0.609430237304714
60-scale_5_im_6_col.png,./Clustering_PRJ/cracker\train\60-scale_5_im_6_col.png,cracker,107.16335,0.4337131974187226,14.072425,0.618082650508592
60-scale_5_im_7_col.png,./Clustering_PRJ/cracker\train\60-scale_5_im_7_col.png,cracker,123.2038,0.070016983293868,14.756075,0.6773930096233685
60-scale_5_im_8_col.png,./Clustering_PRJ/cracker\train\60-scale_5_im_8_col.png,cracker,120.4368,0.0528387243920062,14.452125,0.6908853823678526
60-scale_5_im_9_col.png,./Clustering_PRJ/cracker\train\60-scale_5_im_9_col.png,cracker,108.520475,0.3529116562179178,14.38085,0.6272397054961013
60-scale_6_im_1_col.png,./Clustering_PRJ/cracker\train\60-scale_6_im_1_col.png,cracker,120.04975,0.1604318279405729,14.43315,0.6978829640560797
60-scale_6_im_2_col.png,./Clustering_PRJ/cracker\train\60-scale_6_im_2_col.png,cracker,122.593075,0.0082697037423228,14.517225,0.6618425814880682
60-scale_6_im_3_col.png,./Clustering_PRJ/cracker\train\60-scale_6_im_3_col.png,cracker,107.190825,0.35506772908635,14.139125,0.6184487814160758
60-scale_6_im_4_col.png,./Clustering_PRJ/cracker\train\60-scale_6_im_4_col.png,cracker,119.816975,0.0920926186695517,14.516325,0.6794761204553887
60-scale_6_im_5_col.png,./Clustering_PRJ/cracker\train\60-scale_6_im_5_col.png,cracker,112.57035,0.1065005271647623,14.309025,0.6182715941480345
60-scale_6_im_6_col.png,./Clustering_PRJ/cracker\train\60-scale_6_im_6_col.png,cracker,107.125575,0.3455947508311792,14.18435,0.6282379266427538
60-scale_6_im_7_col.png,./Clustering_PRJ/cracker\train\60-scale_6_im_7_col.png,cracker,126.4345,0.1278001044012846,14.655725,0.6881243162986587
60-scale_6_im_8_col.png,./Clustering_PRJ/cracker\train\60-scale_6_im_8_col.png,cracker,123.71545,0.0313725067173321,14.47575,0.6887700762052524
60-scale_6_im_9_col.png,./Clustering_PRJ/cracker\train\60-scale_6_im_9_col.png,cracker,110.474625,0.2839007982053831,14.499275,0.6180967770017946
60-scale_7_im_1_col.png,./Clustering_PRJ/cracker\train\60-scale_7_im_1_col.png,cracker,125.03452469595432,0.2225332913096045,14.53621245966741,0.7126784605436494
60-scale_7_im_2_col.png,./Clustering_PRJ/cracker\train\60-scale_7_im_2_col.png,cracker,121.86858735134597,-0.0393234610743966,14.330671244464348,0.6679447776191086
60-scale_7_im_3_col.png,./Clustering_PRJ/cracker\train\60-scale_7_im_3_col.png,cracker,107.25697767145137,0.2962055215423217,13.991502192982455,0.6297789216107608
60-scale_7_im_4_col.png,./Clustering_PRJ/cracker\train\60-scale_7_im_4_col.png,cracker,123.92997476122136,0.0712946919055146,14.73707131192161,0.6930692954791002
60-scale_7_im_5_col.png,./Clustering_PRJ/cracker\train\60-scale_7_im_5_col.png,cracker,113.70438353453396,0.0568629726774326,14.445601622798335,0.6138206286826134
60-scale_7_im_6_col.png,./Clustering_PRJ/cracker\train\60-scale_7_im_6_col.png,cracker,109.02797986844728,0.3454012354215967,14.31831771975284,0.6212936242366844
60-scale_7_im_7_col.png,./Clustering_PRJ/cracker\train\60-scale_7_im_7_col.png,cracker,125.00357589397348,0.162473870523347,14.55543885971493,0.6965907517966353
60-scale_7_im_9_col.png,./Clustering_PRJ/cracker\train\60-scale_7_im_9_col.png,cracker,114.03761833582462,0.2226695713898205,14.096860986547084,0.6120692997237176
60-scale_8_im_1_col.png,./Clustering_PRJ/cracker\train\60-scale_8_im_1_col.png,cracker,127.56116766834296,0.3126223540719064,14.91914632650558,0.7153559075235147
60-scale_8_im_2_col.png,./Clustering_PRJ/cracker\train\60-scale_8_im_2_col.png,cracker,117.67733437408528,0.0344680268450145,14.63974534100888,0.6806200841014496
60-scale_8_im_3_col.png,./Clustering_PRJ/cracker\train\60-scale_8_im_3_col.png,cracker,116.77790017380237,0.2811638775614374,14.56532275831681,0.5963694986173184
60-scale_8_im_4_col.png,./Clustering_PRJ/cracker\train\60-scale_8_im_4_col.png,cracker,121.63073630136986,0.0348200415335727,14.901198630136989,0.6661471721430329
60-scale_8_im_5_col.png,./Clustering_PRJ/cracker\train\60-scale_8_im_5_col.png,cracker,116.08698248407644,0.0311254873763269,14.673424704276616,0.6118172144038656
60-scale_8_im_6_col.png,./Clustering_PRJ/cracker\train\60-scale_8_im_6_col.png,cracker,114.84682452276064,0.2385753882743026,14.774229074889869,0.6069643536334354
60-scale_8_im_7_col.png,./Clustering_PRJ/cracker\train\60-scale_8_im_7_col.png,cracker,130.52993117776913,0.2090428638051164,14.896143358005451,0.6809928241525549
60-scale_8_im_8_col.png,./Clustering_PRJ/cracker\train\60-scale_8_im_8_col.png,cracker,124.99199793495096,0.073239766779737,14.732679401135776,0.6990683898435017
60-scale_8_im_9_col.png,./Clustering_PRJ/cracker\train\60-scale_8_im_9_col.png,cracker,115.08961401999784,0.2334594716143104,14.63885603698527,0.6135882324337041
60-scale_9_im_1_col.png,./Clustering_PRJ/cracker\train\60-scale_9_im_1_col.png,cracker,125.30140714190894,0.0626193652094689,14.765996283021371,0.6882247128538673
60-scale_9_im_2_col.png,./Clustering_PRJ/cracker\train\60-scale_9_im_2_col.png,cracker,120.3507367595648,-0.0143279993599873,14.619335446139772,0.6754771504596648
60-scale_9_im_3_col.png,./Clustering_PRJ/cracker\train\60-scale_9_im_3_col.png,cracker,115.74719792678977,0.2290633624939911,14.481924198250727,0.602638087967223
60-scale_9_im_4_col.png,./Clustering_PRJ/cracker\train\60-scale_9_im_4_col.png,cracker,119.43378351138884,-0.0145484945065827,14.654545454545454,0.6513464112137253
60-scale_9_im_5_col.png,./Clustering_PRJ/cracker\train\60-scale_9_im_5_col.png,cracker,121.93751051303616,-0.0456557235030606,14.846299411269976,0.6218321918150298
60-scale_9_im_6_col.png,./Clustering_PRJ/cracker\train\60-scale_9_im_6_col.png,cracker,117.86287360160294,0.1054055501295489,14.636583736850891,0.6072296773555232
60-scale_9_im_7_col.png,./Clustering_PRJ/cracker\train\60-scale_9_im_7_col.png,cracker,127.45377558221595,0.1236247272837493,14.70031757233592,0.6747153202959134
60-scale_9_im_8_col.png,./Clustering_PRJ/cracker\train\60-scale_9_im_8_col.png,cracker,124.13170946765128,0.0770150046204121,14.746574084279365,0.7046909102564431
60-scale_9_im_9_col.png,./Clustering_PRJ/cracker\train\60-scale_9_im_9_col.png,cracker,118.38931548924968,0.1214592744047973,14.540734240163816,0.6169906147724304
44-scale_1_im_1_col.png,./Clustering_PRJ/linen\train\44-scale_1_im_1_col.png,linen,139.477925,-0.1981572719817982,19.83675,0.9146807845761472
44-scale_1_im_2_col.png,./Clustering_PRJ/linen\train\44-scale_1_im_2_col.png,linen,130.9355,-0.3079749410130104,19.74245,0.9086768168733114
44-scale_1_im_4_col.png,./Clustering_PRJ/linen\train\44-scale_1_im_4_col.png,linen,121.30795,0.3836565373900936,19.70685,0.792056251736067
44-scale_1_im_5_col.png,./Clustering_PRJ/linen\train\44-scale_1_im_5_col.png,linen,112.4704,0.2448814202414291,19.881025,0.7678399229000459
44-scale_1_im_6_col.png,./Clustering_PRJ/linen\train\44-scale_1_im_6_col.png,linen,126.506125,0.4735218803580879,19.86765,0.7622333777878909
44-scale_1_im_8_col.png,./Clustering_PRJ/linen\train\44-scale_1_im_8_col.png,linen,150.047275,-0.18843042240916,20.05425,0.9266803395116284
44-scale_1_im_9_col.png,./Clustering_PRJ/linen\train\44-scale_1_im_9_col.png,linen,155.41105,-0.1368081539489352,20.2178,0.8913515504658973
44-scale_2_im_1_col.png,./Clustering_PRJ/linen\train\44-scale_2_im_1_col.png,linen,134.333025,0.0613561557964382,19.84175,0.76669498876291
44-scale_2_im_2_col.png,./Clustering_PRJ/linen\train\44-scale_2_im_2_col.png,linen,127.088875,0.045746428346596,20.073325,0.7370135728895733
44-scale_2_im_3_col.png,./Clustering_PRJ/linen\train\44-scale_2_im_3_col.png,linen,136.902075,0.2717703368997062,20.271125,0.6856162082725414
44-scale_2_im_4_col.png,./Clustering_PRJ/linen\train\44-scale_2_im_4_col.png,linen,114.05255,0.5139960733290284,19.51295,0.6690322278929148
44-scale_2_im_5_col.png,./Clustering_PRJ/linen\train\44-scale_2_im_5_col.png,linen,117.3897,0.3800690580869607,19.9915,0.6283741536703419
44-scale_2_im_6_col.png,./Clustering_PRJ/linen\train\44-scale_2_im_6_col.png,linen,119.105525,0.5957812485197892,19.6226,0.6422218836691709
44-scale_2_im_7_col.png,./Clustering_PRJ/linen\train\44-scale_2_im_7_col.png,linen,143.949225,0.2523652086707903,20.148425,0.7438264506466707
44-scale_2_im_8_col.png,./Clustering_PRJ/linen\train\44-scale_2_im_8_col.png,linen,130.563575,-0.0433249544730412,19.952825,0.7424778182591945
44-scale_2_im_9_col.png,./Clustering_PRJ/linen\train\44-scale_2_im_9_col.png,linen,138.5005,0.2155291307845123,20.06295,0.6861047286473294
44-scale_3_im_1_col.png,./Clustering_PRJ/linen\train\44-scale_3_im_1_col.png,linen,142.090425,0.2137381867140657,20.32235,0.6401325510999367
44-scale_3_im_2_col.png,./Clustering_PRJ/linen\train\44-scale_3_im_2_col.png,linen,117.946675,0.1958414323864122,20.129075,0.6201089307442418
44-scale_3_im_3_col.png,./Clustering_PRJ/linen\train\44-scale_3_im_3_col.png,linen,132.1376,0.3341293901296457,20.51045,0.5709685692651231
44-scale_3_im_4_col.png,./Clustering_PRJ/linen\train\44-scale_3_im_4_col.png,linen,140.07375,0.2648725825596465,20.2955,0.6340364937765525
44-scale_3_im_5_col.png,./Clustering_PRJ/linen\train\44-scale_3_im_5_col.png,linen,122.18075,0.4017340400002575,20.202225,0.5620201544978393
44-scale_3_im_6_col.png,./Clustering_PRJ/linen\train\44-scale_3_im_6_col.png,linen,131.55385,0.46072300497893,20.2631,0.5916882933123135
44-scale_3_im_7_col.png,./Clustering_PRJ/linen\train\44-scale_3_im_7_col.png,linen,127.31355,0.3861493243442786,19.792175,0.6385379507019167
44-scale_3_im_8_col.png,./Clustering_PRJ/linen\train\44-scale_3_im_8_col.png,linen,138.04675,0.0831934247873624,19.9094,0.641176100251022
44-scale_3_im_9_col.png,./Clustering_PRJ/linen\train\44-scale_3_im_9_col.png,linen,134.416075,0.2698993053371915,20.1349,0.5768819923142976
44-scale_4_im_1_col.png,./Clustering_PRJ/linen\train\44-scale_4_im_1_col.png,linen,159.0729,0.1754793227107195,20.447375,0.6017575745379162
44-scale_4_im_2_col.png,./Clustering_PRJ/linen\train\44-scale_4_im_2_col.png,linen,123.17675,0.1237113759919932,20.22915,0.573170666053385
44-scale_4_im_3_col.png,./Clustering_PRJ/linen\train\44-scale_4_im_3_col.png,linen,141.916,0.2493867706090766,21.141475,0.5391947040325913
44-scale_4_im_4_col.png,./Clustering_PRJ/linen\train\44-scale_4_im_4_col.png,linen,136.27795,0.2378404188761822,20.11145,0.6053959429700401
44-scale_4_im_5_col.png,./Clustering_PRJ/linen\train\44-scale_4_im_5_col.png,linen,115.162125,0.4074718150931108,20.008825,0.5380329746885387
44-scale_4_im_6_col.png,./Clustering_PRJ/linen\train\44-scale_4_im_6_col.png,linen,140.479,0.383242972932152,20.78145,0.5514717737203155
44-scale_4_im_7_col.png,./Clustering_PRJ/linen\train\44-scale_4_im_7_col.png,linen,140.9688,0.31878729913966,19.954075,0.6039206164270331
44-scale_4_im_8_col.png,./Clustering_PRJ/linen\train\44-scale_4_im_8_col.png,linen,144.905875,0.0754289100285155,20.0856,0.606028534847205
44-scale_4_im_9_col.png,./Clustering_PRJ/linen\train\44-scale_4_im_9_col.png,linen,139.00305,0.2345171710311771,20.1905,0.5435474742747515
44-scale_5_im_1_col.png,./Clustering_PRJ/linen\train\44-scale_5_im_1_col.png,linen,144.794,0.0974777114551851,20.4258,0.5847334252065943
44-scale_5_im_2_col.png,./Clustering_PRJ/linen\train\44-scale_5_im_2_col.png,linen,135.875875,0.0179734907470115,20.00365,0.5502877853919186
44-scale_5_im_4_col.png,./Clustering_PRJ/linen\train\44-scale_5_im_4_col.png,linen,146.920575,0.0922325792524953,20.2174,0.6292762801592948
44-scale_5_im_5_col.png,./Clustering_PRJ/linen\train\44-scale_5_im_5_col.png,linen,133.07655,0.350585891142941,20.7628,0.5041434965800183
44-scale_5_im_6_col.png,./Clustering_PRJ/linen\train\44-scale_5_im_6_col.png,linen,136.0386,0.3995405886446712,20.93085,0.5177688610500357
44-scale_5_im_7_col.png,./Clustering_PRJ/linen\train\44-scale_5_im_7_col.png,linen,146.856775,0.310453240689717,19.6926,0.5760019237567818
44-scale_5_im_8_col.png,./Clustering_PRJ/linen\train\44-scale_5_im_8_col.png,linen,148.728975,0.064973833476439,19.7145,0.5807158783297784
44-scale_5_im_9_col.png,./Clustering_PRJ/linen\train\44-scale_5_im_9_col.png,linen,133.629525,0.2483064615148252,19.893075,0.5257508899491518
44-scale_6_im_1_col.png,./Clustering_PRJ/linen\train\44-scale_6_im_1_col.png,linen,154.54865,-0.0351222997612186,20.064,0.573312433420999
44-scale_6_im_2_col.png,./Clustering_PRJ/linen\train\44-scale_6_im_2_col.png,linen,139.330825,-0.0982121768348346,19.8769,0.5516869098712698
44-scale_6_im_3_col.png,./Clustering_PRJ/linen\train\44-scale_6_im_3_col.png,linen,136.81105,0.1260366240778007,20.4385,0.5005502151205585
44-scale_6_im_4_col.png,./Clustering_PRJ/linen\train\44-scale_6_im_4_col.png,linen,159.12325,0.1317464368502363,19.858525,0.5863898236435594
44-scale_6_im_5_col.png,./Clustering_PRJ/linen\train\44-scale_6_im_5_col.png,linen,146.1315,0.2272257706899486,20.277025,0.5574489214579736
44-scale_6_im_6_col.png,./Clustering_PRJ/linen\train\44-scale_6_im_6_col.png,linen,138.6316,0.4008297003369419,20.371175,0.5298573178853062
44-scale_6_im_7_col.png,./Clustering_PRJ/linen\train\44-scale_6_im_7_col.png,linen,142.79825,0.2599162231254699,19.559775,0.565902631092432
44-scale_6_im_8_col.png,./Clustering_PRJ/linen\train\44-scale_6_im_8_col.png,linen,150.67055,-0.0667182164557408,19.756075,0.5755099869072959
44-scale_6_im_9_col.png,./Clustering_PRJ/linen\train\44-scale_6_im_9_col.png,linen,139.23335,0.1335669523647865,19.892475,0.5039486281645718
44-scale_7_im_1_col.png,./Clustering_PRJ/linen\train\44-scale_7_im_1_col.png,linen,159.9249,-0.1393786860209192,19.537975,0.6087527852774866
44-scale_7_im_2_col.png,./Clustering_PRJ/linen\train\44-scale_7_im_2_col.png,linen,152.64115,-0.1910996689584336,19.587875,0.587346987001334
44-scale_7_im_3_col.png,./Clustering_PRJ/linen\train\44-scale_7_im_3_col.png,linen,144.1159,0.094838002536384,19.8378,0.5341398865092408
44-scale_7_im_4_col.png,./Clustering_PRJ/linen\train\44-scale_7_im_4_col.png,linen,151.5568,0.0090078044503631,19.66535,0.5913917189776847
44-scale_7_im_5_col.png,./Clustering_PRJ/linen\train\44-scale_7_im_5_col.png,linen,122.864175,0.1585411088825503,20.08095,0.5561470120189844
44-scale_7_im_6_col.png,./Clustering_PRJ/linen\train\44-scale_7_im_6_col.png,linen,141.958925,0.3877200350180727,20.13025,0.5096825642088689
44-scale_7_im_7_col.png,./Clustering_PRJ/linen\train\44-scale_7_im_7_col.png,linen,160.3716,0.1610399622246019,19.491675,0.5855365975406718
44-scale_7_im_8_col.png,./Clustering_PRJ/linen\train\44-scale_7_im_8_col.png,linen,170.76875,-0.1223911312789377,19.7025,0.5892839002726684
44-scale_7_im_9_col.png,./Clustering_PRJ/linen\train\44-scale_7_im_9_col.png,linen,143.99845,0.045860552634359,19.79835,0.5434237521794576
44-scale_8_im_1_col.png,./Clustering_PRJ/linen\train\44-scale_8_im_1_col.png,linen,163.453625,-0.1959620359658807,19.5581,0.6066885293072151
44-scale_8_im_2_col.png,./Clustering_PRJ/linen\train\44-scale_8_im_2_col.png,linen,156.985775,-0.2655363410879867,19.6051,0.6012789858104959
44-scale_8_im_3_col.png,./Clustering_PRJ/linen\train\44-scale_8_im_3_col.png,linen,152.957125,0.0508441319403594,20.1432,0.5358304073714827
44-scale_8_im_4_col.png,./Clustering_PRJ/linen\train\44-scale_8_im_4_col.png,linen,168.194375,0.167188669830987,19.58915,0.5671530617885123
44-scale_8_im_5_col.png,./Clustering_PRJ/linen\train\44-scale_8_im_5_col.png,linen,141.469875,0.0833334464868685,20.880225,0.5511334776051874
44-scale_8_im_6_col.png,./Clustering_PRJ/linen\train\44-scale_8_im_6_col.png,linen,148.6454,0.4189718930998611,20.035825,0.5219269334949866
44-scale_8_im_7_col.png,./Clustering_PRJ/linen\train\44-scale_8_im_7_col.png,linen,170.260875,0.1612044277797021,19.498175,0.5887772308328747
44-scale_8_im_8_col.png,./Clustering_PRJ/linen\train\44-scale_8_im_8_col.png,linen,163.711475,-0.1137573493921033,19.256575,0.6254769259734632
44-scale_8_im_9_col.png,./Clustering_PRJ/linen\train\44-scale_8_im_9_col.png,linen,149.419225,0.0372731915931761,19.8253,0.5704770843802647
44-scale_9_im_1_col.png,./Clustering_PRJ/linen\train\44-scale_9_im_1_col.png,linen,169.553675,-0.1512400722969577,19.194675,0.649567103177727
44-scale_9_im_2_col.png,./Clustering_PRJ/linen\train\44-scale_9_im_2_col.png,linen,165.46005,-0.2339503387509058,19.699525,0.6700156823505645
44-scale_9_im_3_col.png,./Clustering_PRJ/linen\train\44-scale_9_im_3_col.png,linen,154.644475,0.0503223395829966,20.1249,0.5919970936191451
44-scale_9_im_4_col.png,./Clustering_PRJ/linen\train\44-scale_9_im_4_col.png,linen,164.9125,0.2618147043692109,19.022425,0.6478140898477013
44-scale_9_im_5_col.png,./Clustering_PRJ/linen\train\44-scale_9_im_5_col.png,linen,140.70355,0.0846671467052458,21.13025,0.596450629074795
44-scale_9_im_6_col.png,./Clustering_PRJ/linen\train\44-scale_9_im_6_col.png,linen,148.265675,0.4179285264812105,20.32515,0.5771006141179076
44-scale_9_im_7_col.png,./Clustering_PRJ/linen\train\44-scale_9_im_7_col.png,linen,170.92715,0.1168402057263981,19.251675,0.6599075270306602
44-scale_9_im_8_col.png,./Clustering_PRJ/linen\train\44-scale_9_im_8_col.png,linen,181.972925,-0.1014063661975085,18.95515,0.6572554998411189
44-scale_9_im_9_col.png,./Clustering_PRJ/linen\train\44-scale_9_im_9_col.png,linen,149.82635,0.0896243748640747,19.916775,0.6436329535011334
55-scale_1_im_1_col.png,./Clustering_PRJ/orange_peel\train\55-scale_1_im_1_col.png,orange_peel,152.6129,0.8329534207128391,15.650125,0.9658451175475368
55-scale_1_im_2_col.png,./Clustering_PRJ/orange_peel\train\55-scale_1_im_2_col.png,orange_peel,116.556625,1.246062617931306,14.809025,0.9781511514860736
55-scale_1_im_3_col.png,./Clustering_PRJ/orange_peel\train\55-scale_1_im_3_col.png,orange_peel,149.1598,1.0531799559097383,16.152125,0.9531950739880306
55-scale_1_im_4_col.png,./Clustering_PRJ/orange_peel\train\55-scale_1_im_4_col.png,orange_peel,147.506975,0.8899087524214854,16.13525,0.9807806621044924
55-scale_1_im_5_col.png,./Clustering_PRJ/orange_peel\train\55-scale_1_im_5_col.png,orange_peel,128.081125,0.749629363785964,15.731325,0.9393679452539078
55-scale_1_im_6_col.png,./Clustering_PRJ/orange_peel\train\55-scale_1_im_6_col.png,orange_peel,148.068775,1.4057309825496598,16.157425,0.9636308742203482
55-scale_1_im_7_col.png,./Clustering_PRJ/orange_peel\train\55-scale_1_im_7_col.png,orange_peel,142.072625,0.7611850184881012,15.89765,0.9724290421959044
55-scale_1_im_8_col.png,./Clustering_PRJ/orange_peel\train\55-scale_1_im_8_col.png,orange_peel,150.89435,0.5883545988688623,15.85555,0.959013424534734
55-scale_1_im_9_col.png,./Clustering_PRJ/orange_peel\train\55-scale_1_im_9_col.png,orange_peel,140.41185,0.8985637377231689,16.088575,0.9475087750309334
55-scale_2_im_1_col.png,./Clustering_PRJ/orange_peel\train\55-scale_2_im_1_col.png,orange_peel,148.033025,0.9193507109871664,15.6107,0.9338936074846594
55-scale_2_im_2_col.png,./Clustering_PRJ/orange_peel\train\55-scale_2_im_2_col.png,orange_peel,116.627375,1.5280028054759862,14.7684,0.957594154819323
55-scale_2_im_3_col.png,./Clustering_PRJ/orange_peel\train\55-scale_2_im_3_col.png,orange_peel,139.612575,1.3961480347331268,15.608225,0.9108314783717584
55-scale_2_im_4_col.png,./Clustering_PRJ/orange_peel\train\55-scale_2_im_4_col.png,orange_peel,128.89595,1.1737912166777855,15.53135,0.9279629081336328
55-scale_2_im_5_col.png,./Clustering_PRJ/orange_peel\train\55-scale_2_im_5_col.png,orange_peel,128.829575,0.8630547791715186,15.714525,0.932398784121613
55-scale_2_im_6_col.png,./Clustering_PRJ/orange_peel\train\55-scale_2_im_6_col.png,orange_peel,133.500075,1.311963629896102,15.778825,0.9163671160264816
55-scale_2_im_7_col.png,./Clustering_PRJ/orange_peel\train\55-scale_2_im_7_col.png,orange_peel,144.90925,1.1816654140426228,15.964225,0.9508962399939394
55-scale_2_im_8_col.png,./Clustering_PRJ/orange_peel\train\55-scale_2_im_8_col.png,orange_peel,139.5753,0.9801880359082512,15.630725,0.9118194174389536
55-scale_2_im_9_col.png,./Clustering_PRJ/orange_peel\train\55-scale_2_im_9_col.png,orange_peel,133.672875,1.1515873358782207,15.619625,0.9203867736925836
55-scale_3_im_1_col.png,./Clustering_PRJ/orange_peel\train\55-scale_3_im_1_col.png,orange_peel,163.1564,1.145063611094737,16.157,0.8671351417893488
55-scale_3_im_2_col.png,./Clustering_PRJ/orange_peel\train\55-scale_3_im_2_col.png,orange_peel,134.766375,1.701991635004839,15.60845,0.8800281042368213
55-scale_3_im_3_col.png,./Clustering_PRJ/orange_peel\train\55-scale_3_im_3_col.png,orange_peel,139.035575,1.5185266653437326,15.81,0.876715445205632
55-scale_3_im_4_col.png,./Clustering_PRJ/orange_peel\train\55-scale_3_im_4_col.png,orange_peel,148.71375,1.8652845069184416,16.5002,0.9501289097720348
55-scale_3_im_6_col.png,./Clustering_PRJ/orange_peel\train\55-scale_3_im_6_col.png,orange_peel,145.974525,1.4296127738997917,15.96285,0.9256413106769438
55-scale_3_im_7_col.png,./Clustering_PRJ/orange_peel\train\55-scale_3_im_7_col.png,orange_peel,161.046225,1.036687853868004,16.4091,0.8987565433953688
55-scale_3_im_8_col.png,./Clustering_PRJ/orange_peel\train\55-scale_3_im_8_col.png,orange_peel,146.3864,1.2623842330740205,16.020675,0.8610501294530589
55-scale_3_im_9_col.png,./Clustering_PRJ/orange_peel\train\55-scale_3_im_9_col.png,orange_peel,126.833475,1.3452653202410307,15.40825,0.8916644599735299
55-scale_4_im_1_col.png,./Clustering_PRJ/orange_peel\train\55-scale_4_im_1_col.png,orange_peel,150.175375,1.1008023263182705,15.96435,0.8789526842756497
55-scale_4_im_2_col.png,./Clustering_PRJ/orange_peel\train\55-scale_4_im_2_col.png,orange_peel,152.5169,1.2947627961027617,16.40295,0.8799914995833439
55-scale_4_im_3_col.png,./Clustering_PRJ/orange_peel\train\55-scale_4_im_3_col.png,orange_peel,135.381275,1.4506705487895766,15.589425,0.8700692282354721
55-scale_4_im_4_col.png,./Clustering_PRJ/orange_peel\train\55-scale_4_im_4_col.png,orange_peel,157.776225,1.4539160953766397,16.7034,0.8896827226585187
55-scale_4_im_5_col.png,./Clustering_PRJ/orange_peel\train\55-scale_4_im_5_col.png,orange_peel,127.12765,1.0961583949241571,16.09365,0.9034891437307732
55-scale_4_im_6_col.png,./Clustering_PRJ/orange_peel\train\55-scale_4_im_6_col.png,orange_peel,149.7899,0.8768640223732272,16.467325,0.901023516748686
55-scale_4_im_7_col.png,./Clustering_PRJ/orange_peel\train\55-scale_4_im_7_col.png,orange_peel,160.24405,1.0496362727478694,16.54355,0.8880652003737279
55-scale_4_im_8_col.png,./Clustering_PRJ/orange_peel\train\55-scale_4_im_8_col.png,orange_peel,163.02705,1.166912530233858,16.457575,0.8432911858286405
55-scale_4_im_9_col.png,./Clustering_PRJ/orange_peel\train\55-scale_4_im_9_col.png,orange_peel,134.9901,1.3399890179932574,15.844325,0.8755820808892226
55-scale_5_im_1_col.png,./Clustering_PRJ/orange_peel\train\55-scale_5_im_1_col.png,orange_peel,165.497175,0.8258527367027098,16.22605,0.8681925140779272
55-scale_5_im_2_col.png,./Clustering_PRJ/orange_peel\train\55-scale_5_im_2_col.png,orange_peel,160.608025,1.1904329691726163,16.33165,0.8410776046207984
55-scale_5_im_3_col.png,./Clustering_PRJ/orange_peel\train\55-scale_5_im_3_col.png,orange_peel,140.08905,1.209469272059121,15.901275,0.8689457110411649
55-scale_5_im_4_col.png,./Clustering_PRJ/orange_peel\train\55-scale_5_im_4_col.png,orange_peel,160.19525,1.1763423721615072,16.6341,0.8883417274816293
55-scale_5_im_5_col.png,./Clustering_PRJ/orange_peel\train\55-scale_5_im_5_col.png,orange_peel,144.047275,0.8444900183149869,16.6016,0.9299720214655898
55-scale_5_im_6_col.png,./Clustering_PRJ/orange_peel\train\55-scale_5_im_6_col.png,orange_peel,147.81745,0.7247551086175595,16.26335,0.8892827437141367
55-scale_5_im_7_col.png,./Clustering_PRJ/orange_peel\train\55-scale_5_im_7_col.png,orange_peel,162.224775,0.8367824098531775,16.4096,0.8878998036665741
55-scale_5_im_8_col.png,./Clustering_PRJ/orange_peel\train\55-scale_5_im_8_col.png,orange_peel,178.6219,0.8749345088461823,16.5822,0.8457621240625238
55-scale_5_im_9_col.png,./Clustering_PRJ/orange_peel\train\55-scale_5_im_9_col.png,orange_peel,153.677775,0.9182395043185332,16.56145,0.8730893877828398
55-scale_6_im_1_col.png,./Clustering_PRJ/orange_peel\train\55-scale_6_im_1_col.png,orange_peel,176.232075,0.6688425797805183,16.55945,0.8592148904068079
55-scale_6_im_2_col.png,./Clustering_PRJ/orange_peel\train\55-scale_6_im_2_col.png,orange_peel,179.59015,0.7260755429882996,16.6282,0.8746368115704148
55-scale_6_im_3_col.png,./Clustering_PRJ/orange_peel\train\55-scale_6_im_3_col.png,orange_peel,147.8897,0.8540285998891659,16.328325,0.8635160397761793
55-scale_6_im_4_col.png,./Clustering_PRJ/orange_peel\train\55-scale_6_im_4_col.png,orange_peel,179.96545,0.3091940999919911,17.067025,0.9447150545440772
55-scale_6_im_5_col.png,./Clustering_PRJ/orange_peel\train\55-scale_6_im_5_col.png,orange_peel,168.3811,0.3375689797716586,16.88695,0.9139858905078154
55-scale_6_im_6_col.png,./Clustering_PRJ/orange_peel\train\55-scale_6_im_6_col.png,orange_peel,158.682025,0.5040530962151618,16.480275,0.8993122026404563
55-scale_6_im_7_col.png,./Clustering_PRJ/orange_peel\train\55-scale_6_im_7_col.png,orange_peel,178.5671,0.5722835385285011,17.10365,0.9028120312618368
55-scale_6_im_8_col.png,./Clustering_PRJ/orange_peel\train\55-scale_6_im_8_col.png,orange_peel,178.196375,0.7294463744413235,16.729775,0.8507236591247698
55-scale_6_im_9_col.png,./Clustering_PRJ/orange_peel\train\55-scale_6_im_9_col.png,orange_peel,153.93245,0.615776078609589,16.69055,0.8708359537118044
55-scale_7_im_1_col.png,./Clustering_PRJ/orange_peel\train\55-scale_7_im_1_col.png,orange_peel,187.421325,0.6434005256881775,17.0646,0.8683547953334511
55-scale_7_im_3_col.png,./Clustering_PRJ/orange_peel\train\55-scale_7_im_3_col.png,orange_peel,160.251525,0.4825440039826015,16.81635,0.8723767444226751
55-scale_7_im_4_col.png,./Clustering_PRJ/orange_peel\train\55-scale_7_im_4_col.png,orange_peel,182.457275,-2.5261680917381093,17.41145,0.9033900564379688
55-scale_7_im_5_col.png,./Clustering_PRJ/orange_peel\train\55-scale_7_im_5_col.png,orange_peel,180.686625,0.164592092141943,18.168075,0.90427792227469
55-scale_7_im_6_col.png,./Clustering_PRJ/orange_peel\train\55-scale_7_im_6_col.png,orange_peel,163.192475,-0.2340189421468965,16.9069,0.8937442277155803
55-scale_7_im_7_col.png,./Clustering_PRJ/orange_peel\train\55-scale_7_im_7_col.png,orange_peel,188.9529,0.3941521255293067,17.721125,0.8999779330067423
55-scale_7_im_8_col.png,./Clustering_PRJ/orange_peel\train\55-scale_7_im_8_col.png,orange_peel,188.796275,0.3111275260818494,17.183475,0.8547512184035756
55-scale_7_im_9_col.png,./Clustering_PRJ/orange_peel\train\55-scale_7_im_9_col.png,orange_peel,167.590175,0.2430206475739783,17.055,0.8771009128557361
55-scale_8_im_1_col.png,./Clustering_PRJ/orange_peel\train\55-scale_8_im_1_col.png,orange_peel,188.49105,-1.920796477190408,17.444625,0.8669168076563722
55-scale_8_im_2_col.png,./Clustering_PRJ/orange_peel\train\55-scale_8_im_2_col.png,orange_peel,202.9785,-3.007005878022757,25.0406,0.879758453069367
55-scale_8_im_3_col.png,./Clustering_PRJ/orange_peel\train\55-scale_8_im_3_col.png,orange_peel,164.87755,-0.7471607851005075,17.0016,0.8620996877678371
55-scale_8_im_4_col.png,./Clustering_PRJ/orange_peel\train\55-scale_8_im_4_col.png,orange_peel,192.70525,-3.378467709142777,22.7333,0.8946622591601221
55-scale_8_im_5_col.png,./Clustering_PRJ/orange_peel\train\55-scale_8_im_5_col.png,orange_peel,190.259825,-3.0455718490486325,22.163375,0.8952689326027121
55-scale_8_im_6_col.png,./Clustering_PRJ/orange_peel\train\55-scale_8_im_6_col.png,orange_peel,170.677675,-1.646679443967945,17.385025,0.8770002725718455
55-scale_8_im_7_col.png,./Clustering_PRJ/orange_peel\train\55-scale_8_im_7_col.png,orange_peel,196.78565,-2.547314866955427,29.8752,0.88963674528421
55-scale_8_im_8_col.png,./Clustering_PRJ/orange_peel\train\55-scale_8_im_8_col.png,orange_peel,193.354175,-2.0822886903527373,18.576675,0.8510971692634024
55-scale_8_im_9_col.png,./Clustering_PRJ/orange_peel\train\55-scale_8_im_9_col.png,orange_peel,169.310175,-1.0996823998991392,17.811775,0.8723902268882099
55-scale_9_im_1_col.png,./Clustering_PRJ/orange_peel\train\55-scale_9_im_1_col.png,orange_peel,186.9696,-1.3379602369585928,33.117925,0.8805922562167656
55-scale_9_im_2_col.png,./Clustering_PRJ/orange_peel\train\55-scale_9_im_2_col.png,orange_peel,191.266825,-1.796915414972336,57.23175,0.8710754211910313
55-scale_9_im_3_col.png,./Clustering_PRJ/orange_peel\train\55-scale_9_im_3_col.png,orange_peel,152.06565,-0.7985451581306837,16.2711,0.8731267448646679
55-scale_9_im_4_col.png,./Clustering_PRJ/orange_peel\train\55-scale_9_im_4_col.png,orange_peel,181.11435,-1.3505233778098635,45.0161,0.9110549870278426
55-scale_9_im_6_col.png,./Clustering_PRJ/orange_peel\train\55-scale_9_im_6_col.png,orange_peel,150.50585,-0.911547744520456,22.309975,0.8760890192309692
55-scale_9_im_7_col.png,./Clustering_PRJ/orange_peel\train\55-scale_9_im_7_col.png,orange_peel,189.52085,-1.2308749139337711,67.7288,0.9143892996089892
55-scale_9_im_8_col.png,./Clustering_PRJ/orange_peel\train\55-scale_9_im_8_col.png,orange_peel,179.59765,-1.1965422075207022,31.758075,0.8679404503502757
55-scale_9_im_9_col.png,./Clustering_PRJ/orange_peel\train\55-scale_9_im_9_col.png,orange_peel,154.01295,-0.7755342624053295,25.258175,0.8822205970905941
06-scale_1_im_1_col.png,./Clustering_PRJ/sandpaper\train\06-scale_1_im_1_col.png,sandpaper,128.558225,-0.7295153658728712,17.6623,0.9428687249059368
06-scale_1_im_2_col.png,./Clustering_PRJ/sandpaper\train\06-scale_1_im_2_col.png,sandpaper,126.273575,-0.5835715429777321,17.66365,0.9356744621347944
06-scale_1_im_3_col.png,./Clustering_PRJ/sandpaper\train\06-scale_1_im_3_col.png,sandpaper,116.050375,-0.0528030815198602,18.242425,0.9349678511906264
06-scale_1_im_4_col.png,./Clustering_PRJ/sandpaper\train\06-scale_1_im_4_col.png,sandpaper,110.35495,-0.1045622511807398,17.7189,0.944976787202343
06-scale_1_im_5_col.png,./Clustering_PRJ/sandpaper\train\06-scale_1_im_5_col.png,sandpaper,113.38815,0.0320167143135155,18.15455,0.9114296703366076
06-scale_1_im_6_col.png,./Clustering_PRJ/sandpaper\train\06-scale_1_im_6_col.png,sandpaper,120.2782,0.4363748967932828,18.545425,0.8649576293750751
06-scale_1_im_7_col.png,./Clustering_PRJ/sandpaper\train\06-scale_1_im_7_col.png,sandpaper,137.548375,-0.5305196090926728,18.112025,0.9751449773995606
06-scale_1_im_8_col.png,./Clustering_PRJ/sandpaper\train\06-scale_1_im_8_col.png,sandpaper,131.671425,-0.4721735153624956,18.27145,0.9481998402818111
06-scale_1_im_9_col.png,./Clustering_PRJ/sandpaper\train\06-scale_1_im_9_col.png,sandpaper,117.5035,-0.0253494911241031,18.500875,0.9227437943486276
06-scale_2_im_1_col.png,./Clustering_PRJ/sandpaper\train\06-scale_2_im_1_col.png,sandpaper,128.306825,-0.3618869723348918,17.698425,0.8894544866291255
06-scale_2_im_2_col.png,./Clustering_PRJ/sandpaper\train\06-scale_2_im_2_col.png,sandpaper,125.040775,-0.332897935396923,17.67685,0.8609602693113811
06-scale_2_im_3_col.png,./Clustering_PRJ/sandpaper\train\06-scale_2_im_3_col.png,sandpaper,115.07355,0.6032571346031566,17.5432,0.8010788259380531
06-scale_2_im_4_col.png,./Clustering_PRJ/sandpaper\train\06-scale_2_im_4_col.png,sandpaper,121.476625,0.1276886156005282,17.59355,0.8210102539374378
06-scale_2_im_5_col.png,./Clustering_PRJ/sandpaper\train\06-scale_2_im_5_col.png,sandpaper,113.1429,0.3849588317716255,17.8926,0.7571660606118429
06-scale_2_im_6_col.png,./Clustering_PRJ/sandpaper\train\06-scale_2_im_6_col.png,sandpaper,112.3781,0.6833545887184289,17.715525,0.7162324776632507
06-scale_2_im_7_col.png,./Clustering_PRJ/sandpaper\train\06-scale_2_im_7_col.png,sandpaper,120.40015,-0.5794850808117632,17.959825,0.8925045264008485
06-scale_2_im_8_col.png,./Clustering_PRJ/sandpaper\train\06-scale_2_im_8_col.png,sandpaper,130.998325,-0.2200612450038191,18.109175,0.8598892611891855
06-scale_2_im_9_col.png,./Clustering_PRJ/sandpaper\train\06-scale_2_im_9_col.png,sandpaper,120.23875,0.4619367029789271,18.07875,0.776539309147776
06-scale_3_im_1_col.png,./Clustering_PRJ/sandpaper\train\06-scale_3_im_1_col.png,sandpaper,138.57435,-0.1668531544428638,17.690075,0.8328168864942508
06-scale_3_im_2_col.png,./Clustering_PRJ/sandpaper\train\06-scale_3_im_2_col.png,sandpaper,125.9222,-0.1575856405521945,17.80895,0.7846943414404841
06-scale_3_im_3_col.png,./Clustering_PRJ/sandpaper\train\06-scale_3_im_3_col.png,sandpaper,123.114525,0.3657195653244259,17.882075,0.6987348479105092
06-scale_3_im_4_col.png,./Clustering_PRJ/sandpaper\train\06-scale_3_im_4_col.png,sandpaper,138.709975,-0.2033389981329351,17.8227,0.8267161120954144
06-scale_3_im_5_col.png,./Clustering_PRJ/sandpaper\train\06-scale_3_im_5_col.png,sandpaper,123.01775,0.3078465919375495,17.9859,0.7039665728335049
06-scale_3_im_6_col.png,./Clustering_PRJ/sandpaper\train\06-scale_3_im_6_col.png,sandpaper,118.342,0.5999735446570325,17.7218,0.6983793311264299
06-scale_3_im_7_col.png,./Clustering_PRJ/sandpaper\train\06-scale_3_im_7_col.png,sandpaper,129.92005,-0.3429063409432826,17.8322,0.8243378368341859
06-scale_3_im_8_col.png,./Clustering_PRJ/sandpaper\train\06-scale_3_im_8_col.png,sandpaper,123.20715,-0.3586396980085966,17.7054,0.8173433671832409
06-scale_3_im_9_col.png,./Clustering_PRJ/sandpaper\train\06-scale_3_im_9_col.png,sandpaper,122.022525,0.4436119938899318,18.0088,0.699630517036768
06-scale_4_im_1_col.png,./Clustering_PRJ/sandpaper\train\06-scale_4_im_1_col.png,sandpaper,129.139075,-0.0161773801066528,17.8185,0.807357751346834
06-scale_4_im_2_col.png,./Clustering_PRJ/sandpaper\train\06-scale_4_im_2_col.png,sandpaper,125.497125,-0.2285890851600555,17.7157,0.7657607971672411
06-scale_4_im_3_col.png,./Clustering_PRJ/sandpaper\train\06-scale_4_im_3_col.png,sandpaper,126.540975,0.2497981681858608,18.399475,0.671044822219732
06-scale_4_im_4_col.png,./Clustering_PRJ/sandpaper\train\06-scale_4_im_4_col.png,sandpaper,132.508025,-0.1524528298642496,17.986075,0.8145550197210389
06-scale_4_im_5_col.png,./Clustering_PRJ/sandpaper\train\06-scale_4_im_5_col.png,sandpaper,122.89355,0.2092059017016313,17.916,0.7163307755465975
06-scale_4_im_6_col.png,./Clustering_PRJ/sandpaper\train\06-scale_4_im_6_col.png,sandpaper,129.930675,0.2517605464551243,18.273975,0.6759854314354015
06-scale_4_im_7_col.png,./Clustering_PRJ/sandpaper\train\06-scale_4_im_7_col.png,sandpaper,133.3834,-0.3286615712084442,17.8382,0.8324701936745504
06-scale_4_im_8_col.png,./Clustering_PRJ/sandpaper\train\06-scale_4_im_8_col.png,sandpaper,123.7197,0.0403503488813962,17.728575,0.7999712436703171
06-scale_4_im_9_col.png,./Clustering_PRJ/sandpaper\train\06-scale_4_im_9_col.png,sandpaper,124.18545,0.3361565392809102,18.196525,0.6992111637538062
06-scale_5_im_2_col.png,./Clustering_PRJ/sandpaper\train\06-scale_5_im_2_col.png,sandpaper,127.576375,-0.1951395917287984,17.81495,0.7832669662976423
06-scale_5_im_3_col.png,./Clustering_PRJ/sandpaper\train\06-scale_5_im_3_col.png,sandpaper,131.213225,0.1495664118821848,18.072425,0.6783054270212154
06-scale_5_im_4_col.png,./Clustering_PRJ/sandpaper\train\06-scale_5_im_4_col.png,sandpaper,129.5937,-0.269409237949582,17.648775,0.8117456002299406
06-scale_5_im_5_col.png,./Clustering_PRJ/sandpaper\train\06-scale_5_im_5_col.png,sandpaper,125.160675,0.1854901884724816,17.78425,0.7187551747516316
06-scale_5_im_6_col.png,./Clustering_PRJ/sandpaper\train\06-scale_5_im_6_col.png,sandpaper,127.8696,0.2719394987642731,18.0139,0.6746345752697978
06-scale_5_im_7_col.png,./Clustering_PRJ/sandpaper\train\06-scale_5_im_7_col.png,sandpaper,131.6115,-0.338680893456609,17.6237,0.8282913354832098
06-scale_5_im_8_col.png,./Clustering_PRJ/sandpaper\train\06-scale_5_im_8_col.png,sandpaper,130.25735,-0.4742197637981432,17.8235,0.8135292165624731
06-scale_5_im_9_col.png,./Clustering_PRJ/sandpaper\train\06-scale_5_im_9_col.png,sandpaper,127.875375,0.2326425396440699,17.9233,0.6905201487353317
06-scale_6_im_1_col.png,./Clustering_PRJ/sandpaper\train\06-scale_6_im_1_col.png,sandpaper,135.9749,0.1350049326162803,17.51115,0.8320852232638214
06-scale_6_im_2_col.png,./Clustering_PRJ/sandpaper\train\06-scale_6_im_2_col.png,sandpaper,127.79315,-0.2077897973093332,17.792875,0.7899832201207041
06-scale_6_im_3_col.png,./Clustering_PRJ/sandpaper\train\06-scale_6_im_3_col.png,sandpaper,130.14995,-0.0005041515869995,18.204875,0.692974752511506
06-scale_6_im_4_col.png,./Clustering_PRJ/sandpaper\train\06-scale_6_im_4_col.png,sandpaper,133.54675,-0.2718634526948711,17.9137,0.8436308667933221
06-scale_6_im_5_col.png,./Clustering_PRJ/sandpaper\train\06-scale_6_im_5_col.png,sandpaper,124.954,0.2218801732499672,17.952175,0.7393095534203681
06-scale_6_im_6_col.png,./Clustering_PRJ/sandpaper\train\06-scale_6_im_6_col.png,sandpaper,138.283425,0.026136623034704,18.3349,0.6950486067271031
06-scale_6_im_7_col.png,./Clustering_PRJ/sandpaper\train\06-scale_6_im_7_col.png,sandpaper,137.061475,-0.3643250851140244,17.747775,0.8662382992779445
06-scale_6_im_9_col.png,./Clustering_PRJ/sandpaper\train\06-scale_6_im_9_col.png,sandpaper,134.2623,0.0126932262939175,18.221075,0.7059434170178118
06-scale_7_im_1_col.png,./Clustering_PRJ/sandpaper\train\06-scale_7_im_1_col.png,sandpaper,139.81835,0.5482641160574049,17.82405,0.832692398959028
06-scale_7_im_2_col.png,./Clustering_PRJ/sandpaper\train\06-scale_7_im_2_col.png,sandpaper,126.432525,-0.1767619702367066,17.71,0.8008075932425951
06-scale_7_im_3_col.png,./Clustering_PRJ/sandpaper\train\06-scale_7_im_3_col.png,sandpaper,131.348775,-0.1213476043968868,18.173725,0.7358317956343029
06-scale_7_im_4_col.png,./Clustering_PRJ/sandpaper\train\06-scale_7_im_4_col.png,sandpaper,131.471975,-0.309960904168059,17.810975,0.8467787587434661
06-scale_7_im_5_col.png,./Clustering_PRJ/sandpaper\train\06-scale_7_im_5_col.png,sandpaper,123.0279,0.0957776327508103,18.103625,0.7522565966842787
06-scale_7_im_6_col.png,./Clustering_PRJ/sandpaper\train\06-scale_7_im_6_col.png,sandpaper,142.253,0.0796845506605447,18.595225,0.7387091603993043
06-scale_7_im_7_col.png,./Clustering_PRJ/sandpaper\train\06-scale_7_im_7_col.png,sandpaper,136.457475,-0.3672483705023122,17.84665,0.8856752039089921
06-scale_7_im_8_col.png,./Clustering_PRJ/sandpaper\train\06-scale_7_im_8_col.png,sandpaper,128.734375,-0.0032999159280416,17.745425,0.7994965709422074
06-scale_7_im_9_col.png,./Clustering_PRJ/sandpaper\train\06-scale_7_im_9_col.png,sandpaper,134.968525,-0.0827772072235381,18.0467,0.753488066440687
06-scale_8_im_1_col.png,./Clustering_PRJ/sandpaper\train\06-scale_8_im_1_col.png,sandpaper,139.42295,0.5661954231268455,17.742775,0.8402078388172018
06-scale_8_im_2_col.png,./Clustering_PRJ/sandpaper\train\06-scale_8_im_2_col.png,sandpaper,128.622775,-0.2151192256600905,17.877475,0.816000299866165
06-scale_8_im_3_col.png,./Clustering_PRJ/sandpaper\train\06-scale_8_im_3_col.png,sandpaper,140.2798,-0.0468766997107377,18.45575,0.7253800384228609
06-scale_8_im_4_col.png,./Clustering_PRJ/sandpaper\train\06-scale_8_im_4_col.png,sandpaper,129.34675,-0.2630225780433126,17.783325,0.8307888973763287
06-scale_8_im_5_col.png,./Clustering_PRJ/sandpaper\train\06-scale_8_im_5_col.png,sandpaper,123.954175,0.0507944376965907,18.082575,0.7922732853968335
06-scale_8_im_6_col.png,./Clustering_PRJ/sandpaper\train\06-scale_8_im_6_col.png,sandpaper,141.716475,0.0168515233834517,18.4053,0.728403263917875
06-scale_8_im_7_col.png,./Clustering_PRJ/sandpaper\train\06-scale_8_im_7_col.png,sandpaper,134.35165,-0.223253286924224,17.923125,0.8796235480164643
06-scale_8_im_8_col.png,./Clustering_PRJ/sandpaper\train\06-scale_8_im_8_col.png,sandpaper,132.06735,0.2431076535786839,17.808025,0.8135376483362722
06-scale_8_im_9_col.png,./Clustering_PRJ/sandpaper\train\06-scale_8_im_9_col.png,sandpaper,136.404725,-0.0350215362087051,18.38865,0.7407976670226688
06-scale_9_im_1_col.png,./Clustering_PRJ/sandpaper\train\06-scale_9_im_1_col.png,sandpaper,136.1487,0.5290131366988334,17.742875,0.8516012095654151
06-scale_9_im_2_col.png,./Clustering_PRJ/sandpaper\train\06-scale_9_im_2_col.png,sandpaper,119.5279,-0.1680874815643314,17.51955,0.8653381069922474
06-scale_9_im_3_col.png,./Clustering_PRJ/sandpaper\train\06-scale_9_im_3_col.png,sandpaper,133.86045,-0.0543649919191363,18.124175,0.7693633464395583
06-scale_9_im_4_col.png,./Clustering_PRJ/sandpaper\train\06-scale_9_im_4_col.png,sandpaper,129.148,-0.1726756371139217,17.83185,0.8418541356278881
06-scale_9_im_6_col.png,./Clustering_PRJ/sandpaper\train\06-scale_9_im_6_col.png,sandpaper,142.058875,-0.1390374198042528,18.29295,0.760851665399121
06-scale_9_im_7_col.png,./Clustering_PRJ/sandpaper\train\06-scale_9_im_7_col.png,sandpaper,130.648,-0.1660944451993461,17.574775,0.8820013920103027
06-scale_9_im_8_col.png,./Clustering_PRJ/sandpaper\train\06-scale_9_im_8_col.png,sandpaper,130.53495,0.0556474303295936,17.738425,0.8314054064291306
06-scale_9_im_9_col.png,./Clustering_PRJ/sandpaper\train\06-scale_9_im_9_col.png,sandpaper,135.56155,-0.0049772303312515,18.1095,0.7599897865398527
20-scale_1_im_1_col.png,./Clustering_PRJ/styrofoam\train\20-scale_1_im_1_col.png,styrofoam,132.944075,3.640883850975552,19.983875,0.9276358078078836
20-scale_1_im_2_col.png,./Clustering_PRJ/styrofoam\train\20-scale_1_im_2_col.png,styrofoam,127.564825,3.3145198377894785,20.36025,0.9187380590136612
20-scale_1_im_3_col.png,./Clustering_PRJ/styrofoam\train\20-scale_1_im_3_col.png,styrofoam,130.3878,0.8616514869394346,20.6181,0.8967424970329034
20-scale_1_im_4_col.png,./Clustering_PRJ/styrofoam\train\20-scale_1_im_4_col.png,styrofoam,119.18815,2.4237795854200543,22.4987,0.8812388625892829
20-scale_1_im_5_col.png,./Clustering_PRJ/styrofoam\train\20-scale_1_im_5_col.png,styrofoam,110.395125,1.7212652710335532,25.71005,0.7995379712127059
20-scale_1_im_7_col.png,./Clustering_PRJ/styrofoam\train\20-scale_1_im_7_col.png,styrofoam,141.497175,2.362665253807409,22.32805,0.965473747506376
20-scale_1_im_8_col.png,./Clustering_PRJ/styrofoam\train\20-scale_1_im_8_col.png,styrofoam,129.977275,3.207184046814289,22.071325,0.9149759538900536
20-scale_1_im_9_col.png,./Clustering_PRJ/styrofoam\train\20-scale_1_im_9_col.png,styrofoam,135.594825,1.6517506432708529,23.0202,0.8927774287488284
20-scale_2_im_1_col.png,./Clustering_PRJ/styrofoam\train\20-scale_2_im_1_col.png,styrofoam,144.175925,1.878911588165891,21.9837,0.8260597037176606
20-scale_2_im_2_col.png,./Clustering_PRJ/styrofoam\train\20-scale_2_im_2_col.png,styrofoam,132.70835,1.27051818571434,22.0896,0.7781863397200421
20-scale_2_im_4_col.png,./Clustering_PRJ/styrofoam\train\20-scale_2_im_4_col.png,styrofoam,130.815725,1.2421546643491943,21.627,0.7840710309031688
20-scale_2_im_5_col.png,./Clustering_PRJ/styrofoam\train\20-scale_2_im_5_col.png,styrofoam,124.01055,0.974537578816905,24.148275,0.7237782705385046
20-scale_2_im_6_col.png,./Clustering_PRJ/styrofoam\train\20-scale_2_im_6_col.png,styrofoam,123.2031,0.7787506046558634,24.69275,0.6366300583357051
20-scale_2_im_7_col.png,./Clustering_PRJ/styrofoam\train\20-scale_2_im_7_col.png,styrofoam,139.16275,1.7358335708585146,23.838775,0.780143020121184
20-scale_2_im_8_col.png,./Clustering_PRJ/styrofoam\train\20-scale_2_im_8_col.png,styrofoam,130.8004,2.407485207985929,22.7232,0.7878206180605156
20-scale_2_im_9_col.png,./Clustering_PRJ/styrofoam\train\20-scale_2_im_9_col.png,styrofoam,134.9513,1.0302336112174737,25.18665,0.6519246715854133
20-scale_3_im_1_col.png,./Clustering_PRJ/styrofoam\train\20-scale_3_im_1_col.png,styrofoam,136.378025,1.8827699996958,24.088525,0.7675650023720776
20-scale_3_im_2_col.png,./Clustering_PRJ/styrofoam\train\20-scale_3_im_2_col.png,styrofoam,128.6872,1.3598132057575265,24.465475,0.7344462737684552
20-scale_3_im_3_col.png,./Clustering_PRJ/styrofoam\train\20-scale_3_im_3_col.png,styrofoam,132.75525,0.7891245724651972,28.914025,0.6025898663538986
20-scale_3_im_5_col.png,./Clustering_PRJ/styrofoam\train\20-scale_3_im_5_col.png,styrofoam,122.0634,1.1405487757054904,26.4569,0.7110398085349664
20-scale_3_im_6_col.png,./Clustering_PRJ/styrofoam\train\20-scale_3_im_6_col.png,styrofoam,126.194375,0.7156737138695299,28.04205,0.6173986898130546
20-scale_3_im_7_col.png,./Clustering_PRJ/styrofoam\train\20-scale_3_im_7_col.png,styrofoam,138.721325,1.7511018404966383,24.78105,0.7395224875343087
20-scale_3_im_8_col.png,./Clustering_PRJ/styrofoam\train\20-scale_3_im_8_col.png,styrofoam,116.8382,2.5281802707604246,23.162075,0.8195763756174979
20-scale_3_im_9_col.png,./Clustering_PRJ/styrofoam\train\20-scale_3_im_9_col.png,styrofoam,131.09085,0.8813942406889931,31.65175,0.5796455594497019
20-scale_4_im_1_col.png,./Clustering_PRJ/styrofoam\train\20-scale_4_im_1_col.png,styrofoam,138.02975,2.171608190929468,24.43405,0.7880301681787137
20-scale_4_im_2_col.png,./Clustering_PRJ/styrofoam\train\20-scale_4_im_2_col.png,styrofoam,125.7993,2.150375661529184,24.7911,0.757659130344092
20-scale_4_im_3_col.png,./Clustering_PRJ/styrofoam\train\20-scale_4_im_3_col.png,styrofoam,141.2609,0.6729926502553542,29.691375,0.5878708419986214
20-scale_4_im_4_col.png,./Clustering_PRJ/styrofoam\train\20-scale_4_im_4_col.png,styrofoam,128.220225,1.7254627957211002,22.062225,0.7749439972294937
20-scale_4_im_5_col.png,./Clustering_PRJ/styrofoam\train\20-scale_4_im_5_col.png,styrofoam,122.706675,1.177946370166563,26.696425,0.7257839734593675
20-scale_4_im_6_col.png,./Clustering_PRJ/styrofoam\train\20-scale_4_im_6_col.png,styrofoam,131.120925,0.7562195450135863,25.434375,0.6477933395653594
20-scale_4_im_7_col.png,./Clustering_PRJ/styrofoam\train\20-scale_4_im_7_col.png,styrofoam,134.35695,1.9888196057312304,25.014475,0.7377315696846466
20-scale_4_im_8_col.png,./Clustering_PRJ/styrofoam\train\20-scale_4_im_8_col.png,styrofoam,126.579375,2.476838349190364,22.3977,0.7705946107020532
20-scale_4_im_9_col.png,./Clustering_PRJ/styrofoam\train\20-scale_4_im_9_col.png,styrofoam,134.01635,0.91883962941869,29.712075,0.6009715781065077
20-scale_5_im_1_col.png,./Clustering_PRJ/styrofoam\train\20-scale_5_im_1_col.png,styrofoam,140.790925,2.388777082664931,24.206825,0.8258021043737103
20-scale_5_im_2_col.png,./Clustering_PRJ/styrofoam\train\20-scale_5_im_2_col.png,styrofoam,131.03945,2.3758322227242465,25.03225,0.7578713912282571
20-scale_5_im_3_col.png,./Clustering_PRJ/styrofoam\train\20-scale_5_im_3_col.png,styrofoam,143.243075,0.7974105443963061,27.31725,0.6426091214674836
20-scale_5_im_4_col.png,./Clustering_PRJ/styrofoam\train\20-scale_5_im_4_col.png,styrofoam,138.472525,2.364827512106992,22.7322,0.8380233438418127
20-scale_5_im_5_col.png,./Clustering_PRJ/styrofoam\train\20-scale_5_im_5_col.png,styrofoam,126.358775,1.995554287131428,26.61365,0.7696434902090662
20-scale_5_im_6_col.png,./Clustering_PRJ/styrofoam\train\20-scale_5_im_6_col.png,styrofoam,134.52365,0.7285825740436185,25.65425,0.6817740875812386
20-scale_5_im_7_col.png,./Clustering_PRJ/styrofoam\train\20-scale_5_im_7_col.png,styrofoam,142.66945,2.104597221095384,24.316125,0.7871253985027802
20-scale_5_im_8_col.png,./Clustering_PRJ/styrofoam\train\20-scale_5_im_8_col.png,styrofoam,121.921425,3.0337590668261383,23.47545,0.8213097964883151
20-scale_5_im_9_col.png,./Clustering_PRJ/styrofoam\train\20-scale_5_im_9_col.png,styrofoam,132.62625,0.9953825075826732,28.4657,0.635339457471039
20-scale_6_im_1_col.png,./Clustering_PRJ/styrofoam\train\20-scale_6_im_1_col.png,styrofoam,143.268575,2.6318208866152712,24.4412,0.8650200105355217
20-scale_6_im_2_col.png,./Clustering_PRJ/styrofoam\train\20-scale_6_im_2_col.png,styrofoam,130.591575,2.815120568014695,25.538125,0.7775286065620097
20-scale_6_im_3_col.png,./Clustering_PRJ/styrofoam\train\20-scale_6_im_3_col.png,styrofoam,145.706425,0.716264930212061,27.470025,0.6727924487079023
20-scale_6_im_4_col.png,./Clustering_PRJ/styrofoam\train\20-scale_6_im_4_col.png,styrofoam,140.64065,2.908873808739795,23.320575,0.8834533734924456
20-scale_6_im_5_col.png,./Clustering_PRJ/styrofoam\train\20-scale_6_im_5_col.png,styrofoam,124.6871,2.0698422774186747,26.737225,0.7920206998943728
20-scale_6_im_6_col.png,./Clustering_PRJ/styrofoam\train\20-scale_6_im_6_col.png,styrofoam,143.1821,0.6888146696006886,25.2311,0.7205628482196156
20-scale_6_im_7_col.png,./Clustering_PRJ/styrofoam\train\20-scale_6_im_7_col.png,styrofoam,134.9936,2.5788970423395154,23.867975,0.7723704223986104
20-scale_6_im_8_col.png,./Clustering_PRJ/styrofoam\train\20-scale_6_im_8_col.png,styrofoam,128.7275,3.0256381808881243,23.95705,0.7725605093021306
20-scale_6_im_9_col.png,./Clustering_PRJ/styrofoam\train\20-scale_6_im_9_col.png,styrofoam,137.40345,0.8925722322778056,32.21745,0.6309518236427905
20-scale_7_im_1_col.png,./Clustering_PRJ/styrofoam\train\20-scale_7_im_1_col.png,styrofoam,139.034725,3.077277682052216,23.368275,0.864657622225135
20-scale_7_im_2_col.png,./Clustering_PRJ/styrofoam\train\20-scale_7_im_2_col.png,styrofoam,130.55475,3.012386558533925,24.73745,0.8013506800041956
20-scale_7_im_3_col.png,./Clustering_PRJ/styrofoam\train\20-scale_7_im_3_col.png,styrofoam,149.457625,0.7805198748158115,24.8992,0.7359957332593983
20-scale_7_im_4_col.png,./Clustering_PRJ/styrofoam\train\20-scale_7_im_4_col.png,styrofoam,135.072975,3.002508983951531,22.5551,0.8588906852356782
20-scale_7_im_5_col.png,./Clustering_PRJ/styrofoam\train\20-scale_7_im_5_col.png,styrofoam,126.35865,2.1027263013326447,25.168625,0.8116512777690589
20-scale_7_im_6_col.png,./Clustering_PRJ/styrofoam\train\20-scale_7_im_6_col.png,styrofoam,138.790875,0.7688226807197638,23.5497,0.7607478320368984
20-scale_7_im_7_col.png,./Clustering_PRJ/styrofoam\train\20-scale_7_im_7_col.png,styrofoam,132.58255,2.865900910437271,23.868875,0.7857853398309906
20-scale_7_im_8_col.png,./Clustering_PRJ/styrofoam\train\20-scale_7_im_8_col.png,styrofoam,126.6565,3.345405739660716,22.81895,0.7990962069351051
20-scale_7_im_9_col.png,./Clustering_PRJ/styrofoam\train\20-scale_7_im_9_col.png,styrofoam,134.687475,1.0762104147872815,26.580925,0.6988818569845467
20-scale_8_im_1_col.png,./Clustering_PRJ/styrofoam\train\20-scale_8_im_1_col.png,styrofoam,137.3339,3.2549807429735327,23.173375,0.8594422241556388
20-scale_8_im_2_col.png,./Clustering_PRJ/styrofoam\train\20-scale_8_im_2_col.png,styrofoam,131.583775,2.776949968424456,23.39105,0.8148132323547295
20-scale_8_im_3_col.png,./Clustering_PRJ/styrofoam\train\20-scale_8_im_3_col.png,styrofoam,142.15555,0.8293725119363498,24.870675,0.7302139869948209
20-scale_8_im_4_col.png,./Clustering_PRJ/styrofoam\train\20-scale_8_im_4_col.png,styrofoam,134.739775,3.1635266017997723,22.49595,0.8582992935413095
20-scale_8_im_5_col.png,./Clustering_PRJ/styrofoam\train\20-scale_8_im_5_col.png,styrofoam,125.26365,1.812849458529043,24.9392,0.8313725677776089
20-scale_8_im_6_col.png,./Clustering_PRJ/styrofoam\train\20-scale_8_im_6_col.png,styrofoam,139.24745,0.7727567404567947,22.52095,0.7834007839197124
20-scale_8_im_7_col.png,./Clustering_PRJ/styrofoam\train\20-scale_8_im_7_col.png,styrofoam,129.49735,2.8108654893355007,23.286325,0.7938528221155348
20-scale_8_im_8_col.png,./Clustering_PRJ/styrofoam\train\20-scale_8_im_8_col.png,styrofoam,124.230125,3.3960079284802487,22.7555,0.8320911484114086
20-scale_8_im_9_col.png,./Clustering_PRJ/styrofoam\train\20-scale_8_im_9_col.png,styrofoam,133.397925,1.5483843492507667,23.80625,0.7544672171492206
20-scale_9_im_1_col.png,./Clustering_PRJ/styrofoam\train\20-scale_9_im_1_col.png,styrofoam,133.037675,3.361186231598927,23.52495,0.8178576909451187
20-scale_9_im_2_col.png,./Clustering_PRJ/styrofoam\train\20-scale_9_im_2_col.png,styrofoam,126.7742,2.8169646632674703,22.15985,0.8398159641861959
20-scale_9_im_3_col.png,./Clustering_PRJ/styrofoam\train\20-scale_9_im_3_col.png,styrofoam,138.757775,1.00427129919285,22.96575,0.7793401152171646
20-scale_9_im_4_col.png,./Clustering_PRJ/styrofoam\train\20-scale_9_im_4_col.png,styrofoam,135.98575,2.0155417641322075,21.692225,0.8857387680375319
20-scale_9_im_5_col.png,./Clustering_PRJ/styrofoam\train\20-scale_9_im_5_col.png,styrofoam,116.18745,1.5309764785208697,24.174425,0.8458362364367493
20-scale_9_im_6_col.png,./Clustering_PRJ/styrofoam\train\20-scale_9_im_6_col.png,styrofoam,131.986275,1.0842607176389327,22.117475,0.8135631966764403
20-scale_9_im_7_col.png,./Clustering_PRJ/styrofoam\train\20-scale_9_im_7_col.png,styrofoam,132.35975,2.721446087443736,22.649775,0.8136073250212729
20-scale_9_im_8_col.png,./Clustering_PRJ/styrofoam\train\20-scale_9_im_8_col.png,styrofoam,126.996775,3.383982871678336,22.217025,0.8051478024320944
20-scale_9_im_9_col.png,./Clustering_PRJ/styrofoam\train\20-scale_9_im_9_col.png,styrofoam,133.83455,1.3979024755103535,24.0065,0.7651428523734691
